<?xml version="1.0" encoding="utf-8"?>
<edmx:Edmx Version="4.0" xmlns:edmx="http://docs.oasis-open.org/odata/ns/edmx">
  <edmx:Reference Uri="https://sap.github.io/odata-vocabularies/vocabularies/Common.xml">
    <edmx:Include Alias="Common" Namespace="com.sap.vocabularies.Common.v1"/>
  </edmx:Reference>
  <edmx:Reference Uri="https://oasis-tcs.github.io/odata-vocabularies/vocabularies/Org.OData.Core.V1.xml">
    <edmx:Include Alias="Core" Namespace="Org.OData.Core.V1"/>
  </edmx:Reference>
  <edmx:DataServices>
    <Schema Namespace="AuthService" xmlns="http://docs.oasis-open.org/odata/ns/edm">
      <Annotation Term="Core.Links">
        <Collection>
          <Record>
            <PropertyValue Property="rel" String="author"/>
            <PropertyValue Property="href" String="https://cap.cloud.sap"/>
          </Record>
        </Collection>
      </Annotation>
      <EntityContainer Name="EntityContainer">
        <FunctionImport Name="Bootstrap" Function="AuthService.Bootstrap"/>
        <FunctionImport Name="Me" Function="AuthService.Me"/>
        <FunctionImport Name="MyRoles" Function="AuthService.MyRoles"/>
        <FunctionImport Name="WhoAmI" Function="AuthService.WhoAmI"/>
        <FunctionImport Name="ServerTime" Function="AuthService.ServerTime"/>
        <ActionImport Name="Ping" Action="AuthService.Ping"/>
        <FunctionImport Name="ResetSession" Function="AuthService.ResetSession"/>
        <ActionImport Name="RequestAccessMail" Action="AuthService.RequestAccessMail"/>
        <ActionImport Name="SubmitTenantConfig" Action="AuthService.SubmitTenantConfig"/>
      </EntityContainer>
      <ComplexType Name="MeInfo">
        <Property Name="id" Type="Edm.String" MaxLength="100"/>
        <Property Name="name" Type="Edm.String" MaxLength="120"/>
        <Property Name="tenant" Type="Edm.String" MaxLength="120"/>
        <Property Name="email" Type="Edm.String" MaxLength="200"/>
        <Property Name="raw" Type="Edm.String"/>
      </ComplexType>
      <ComplexType Name="Who">
        <Property Name="SYSADMIN" Type="Edm.Boolean"/>
        <Property Name="ADMIN" Type="Edm.Boolean"/>
        <Property Name="LEADER" Type="Edm.Boolean"/>
        <Property Name="USER" Type="Edm.Boolean"/>
        <Property Name="AUTHENTICATED" Type="Edm.Boolean"/>
      </ComplexType>
      <ComplexType Name="ServerClock">
        <Property Name="now" Type="Edm.DateTimeOffset" Precision="7"/>
        <Property Name="timezone" Type="Edm.String" MaxLength="80"/>
        <Property Name="iso" Type="Edm.String" MaxLength="40"/>
      </ComplexType>
      <ComplexType Name="BootstrapResult">
        <Property Name="user" Type="AuthService.MeInfo"/>
        <Property Name="roles" Type="Collection(AuthService.RoleList)" Nullable="true"/>
        <Property Name="flags" Type="AuthService.Who"/>
        <Property Name="serverTime" Type="AuthService.ServerClock"/>
        <Property Name="adminEmail" Type="Edm.String" MaxLength="200"/>
        <Property Name="isConfigured" Type="Edm.Boolean"/>
      </ComplexType>
      <ComplexType Name="AccessRequestResult">
        <Property Name="ok" Type="Edm.Boolean"/>
        <Property Name="code" Type="Edm.String" MaxLength="30"/>
        <Property Name="message" Type="Edm.String" MaxLength="255"/>
        <Property Name="retryAfterDays" Type="Edm.Int32"/>
      </ComplexType>
      <ComplexType Name="TenantConfigInput">
        <Property Name="companyName" Type="Edm.String" MaxLength="200"/>
        <Property Name="companyLogoUrl" Type="Edm.String" MaxLength="500"/>
        <Property Name="timezone" Type="Edm.String" MaxLength="80"/>
        <Property Name="language" Type="Edm.String" MaxLength="10"/>
        <Property Name="adminEmail" Type="Edm.String" MaxLength="200"/>
        <Property Name="btpCockpitUrl" Type="Edm.String" MaxLength="500"/>
      </ComplexType>
      <ComplexType Name="TenantConfigResult">
        <Property Name="ok" Type="Edm.Boolean"/>
        <Property Name="code" Type="Edm.String" MaxLength="30"/>
        <Property Name="message" Type="Edm.String" MaxLength="255"/>
      </ComplexType>
      <TypeDefinition Name="RoleList" UnderlyingType="Edm.String"/>
      <Function Name="Bootstrap" IsBound="false" IsComposable="false">
        <ReturnType Type="AuthService.BootstrapResult"/>
      </Function>
      <Function Name="Me" IsBound="false" IsComposable="false">
        <ReturnType Type="AuthService.MeInfo"/>
      </Function>
      <Function Name="MyRoles" IsBound="false" IsComposable="false">
        <ReturnType Type="Collection(AuthService.RoleList)" Nullable="true"/>
      </Function>
      <Function Name="WhoAmI" IsBound="false" IsComposable="false">
        <ReturnType Type="AuthService.Who"/>
      </Function>
      <Function Name="ServerTime" IsBound="false" IsComposable="false">
        <ReturnType Type="AuthService.ServerClock"/>
      </Function>
      <Action Name="Ping" IsBound="false">
        <ReturnType Type="Edm.String"/>
      </Action>
      <Function Name="ResetSession" IsBound="false" IsComposable="false">
        <ReturnType Type="Edm.Boolean"/>
      </Function>
      <Action Name="RequestAccessMail" IsBound="false">
        <Parameter Name="email" Type="Edm.String"/>
        <Parameter Name="name" Type="Edm.String"/>
        <ReturnType Type="AuthService.AccessRequestResult"/>
      </Action>
      <Action Name="SubmitTenantConfig" IsBound="false">
        <Parameter Name="config" Type="AuthService.TenantConfigInput"/>
        <ReturnType Type="AuthService.TenantConfigResult"/>
      </Action>
    </Schema>
  </edmx:DataServices>
</edmx:Edmx>