<?xml version="1.0" encoding="utf-8"?>
<edmx:Edmx Version="4.0" xmlns:edmx="http://docs.oasis-open.org/odata/ns/edmx">
  <edmx:Reference Uri="https://sap.github.io/odata-vocabularies/vocabularies/Common.xml">
    <edmx:Include Alias="Common" Namespace="com.sap.vocabularies.Common.v1"/>
  </edmx:Reference>
  <edmx:Reference Uri="https://oasis-tcs.github.io/odata-vocabularies/vocabularies/Org.OData.Core.V1.xml">
    <edmx:Include Alias="Core" Namespace="Org.OData.Core.V1"/>
  </edmx:Reference>
  <edmx:Reference Uri="https://sap.github.io/odata-vocabularies/vocabularies/UI.xml">
    <edmx:Include Alias="UI" Namespace="com.sap.vocabularies.UI.v1"/>
  </edmx:Reference>
  <edmx:Reference Uri="https://oasis-tcs.github.io/odata-vocabularies/vocabularies/Org.OData.Validation.V1.xml">
    <edmx:Include Alias="Validation" Namespace="Org.OData.Validation.V1"/>
  </edmx:Reference>
  <edmx:DataServices>
    <Schema Namespace="ClosingService" xmlns="http://docs.oasis-open.org/odata/ns/edm">
      <Annotation Term="Core.Links">
        <Collection>
          <Record>
            <PropertyValue Property="rel" String="author"/>
            <PropertyValue Property="href" String="https://cap.cloud.sap"/>
          </Record>
        </Collection>
      </Annotation>
      <EntityContainer Name="EntityContainer">
        <EntitySet Name="DailyClosing" EntityType="ClosingService.DailyClosing"/>
        <EntitySet Name="MonthlyClosing" EntityType="ClosingService.MonthlyClosing"/>
        <EntitySet Name="DailyClosingListView" EntityType="ClosingService.DailyClosingListView"/>
        <EntitySet Name="MonthlyClosingListView" EntityType="ClosingService.MonthlyClosingListView"/>
        <ActionImport Name="CreateDailyClosing" Action="ClosingService.CreateDailyClosing" EntitySet="DailyClosing"/>
        <ActionImport Name="SubmitDailyClosing" Action="ClosingService.SubmitDailyClosing" EntitySet="DailyClosing"/>
        <ActionImport Name="ApproveDailyClosing" Action="ClosingService.ApproveDailyClosing" EntitySet="DailyClosing"/>
        <ActionImport Name="CreateMonthlyClosing" Action="ClosingService.CreateMonthlyClosing" EntitySet="MonthlyClosing"/>
        <ActionImport Name="SubmitMonthlyClosing" Action="ClosingService.SubmitMonthlyClosing" EntitySet="MonthlyClosing"/>
        <ActionImport Name="ApproveMonthlyClosing" Action="ClosingService.ApproveMonthlyClosing" EntitySet="MonthlyClosing"/>
      </EntityContainer>
      <EntityType Name="DailyClosing">
        <Key>
          <PropertyRef Name="ID"/>
        </Key>
        <Property Name="ID" Type="Edm.Guid" Nullable="false"/>
        <Property Name="createdAt" Type="Edm.DateTimeOffset" Precision="7"/>
        <Property Name="createdBy" Type="Edm.String" MaxLength="255"/>
        <Property Name="modifiedAt" Type="Edm.DateTimeOffset" Precision="7"/>
        <Property Name="modifiedBy" Type="Edm.String" MaxLength="255"/>
        <Property Name="project_id_ID" Type="Edm.Guid"/>
        <Property Name="closing_date" Type="Edm.Date"/>
        <Property Name="status" Type="Edm.String" MaxLength="20" DefaultValue="draft"/>
        <Property Name="completed_tasks" Type="Edm.String" MaxLength="2000"/>
        <Property Name="in_progress_tasks" Type="Edm.String" MaxLength="2000"/>
        <Property Name="next_day_plan" Type="Edm.String" MaxLength="2000"/>
        <Property Name="issues" Type="Edm.String" MaxLength="2000"/>
        <Property Name="notes" Type="Edm.String" MaxLength="2000"/>
        <Property Name="worked_hours" Type="Edm.Decimal" Precision="5" Scale="2"/>
        <Property Name="overtime_hours" Type="Edm.Decimal" Precision="5" Scale="2"/>
        <Property Name="submitter_id" Type="Edm.String" MaxLength="80"/>
        <Property Name="approver_id" Type="Edm.String" MaxLength="80"/>
        <Property Name="approved_at" Type="Edm.DateTimeOffset" Precision="7"/>
        <Property Name="completion_rate" Type="Edm.Decimal" Precision="5" Scale="2"/>
      </EntityType>
      <EntityType Name="MonthlyClosing">
        <Key>
          <PropertyRef Name="ID"/>
        </Key>
        <Property Name="ID" Type="Edm.Guid" Nullable="false"/>
        <Property Name="createdAt" Type="Edm.DateTimeOffset" Precision="7"/>
        <Property Name="createdBy" Type="Edm.String" MaxLength="255"/>
        <Property Name="modifiedAt" Type="Edm.DateTimeOffset" Precision="7"/>
        <Property Name="modifiedBy" Type="Edm.String" MaxLength="255"/>
        <Property Name="project_id_ID" Type="Edm.Guid"/>
        <Property Name="closing_year" Type="Edm.Int32"/>
        <Property Name="closing_month" Type="Edm.Int32"/>
        <Property Name="status" Type="Edm.String" MaxLength="20" DefaultValue="draft"/>
        <Property Name="summary" Type="Edm.String" MaxLength="4000"/>
        <Property Name="achievements" Type="Edm.String" MaxLength="2000"/>
        <Property Name="challenges" Type="Edm.String" MaxLength="2000"/>
        <Property Name="next_month_plan" Type="Edm.String" MaxLength="2000"/>
        <Property Name="total_tasks" Type="Edm.Int32"/>
        <Property Name="completed_tasks" Type="Edm.Int32"/>
        <Property Name="in_progress_tasks" Type="Edm.Int32"/>
        <Property Name="total_worked_hours" Type="Edm.Decimal" Precision="10" Scale="2"/>
        <Property Name="total_overtime_hours" Type="Edm.Decimal" Precision="10" Scale="2"/>
        <Property Name="completion_rate" Type="Edm.Decimal" Precision="5" Scale="2"/>
        <Property Name="submitter_id" Type="Edm.String" MaxLength="80"/>
        <Property Name="approver_id" Type="Edm.String" MaxLength="80"/>
        <Property Name="approved_at" Type="Edm.DateTimeOffset" Precision="7"/>
      </EntityType>
      <EntityType Name="DailyClosingListView">
        <Key>
          <PropertyRef Name="ID"/>
        </Key>
        <Property Name="ID" Type="Edm.Guid" Nullable="false"/>
        <Property Name="closing_date" Type="Edm.Date"/>
        <Property Name="status" Type="Edm.String" MaxLength="20" DefaultValue="draft"/>
        <Property Name="completion_rate" Type="Edm.Decimal" Precision="5" Scale="2"/>
        <Property Name="worked_hours" Type="Edm.Decimal" Precision="5" Scale="2"/>
        <Property Name="overtime_hours" Type="Edm.Decimal" Precision="5" Scale="2"/>
        <Property Name="project_id_ID" Type="Edm.Guid"/>
        <Property Name="project_name" Type="Edm.String" MaxLength="200"/>
        <Property Name="submitter_id" Type="Edm.String" MaxLength="80"/>
        <Property Name="submitter_name" Type="Edm.String" MaxLength="120"/>
        <Property Name="createdAt" Type="Edm.DateTimeOffset" Precision="7"/>
      </EntityType>
      <EntityType Name="MonthlyClosingListView">
        <Key>
          <PropertyRef Name="ID"/>
        </Key>
        <Property Name="ID" Type="Edm.Guid" Nullable="false"/>
        <Property Name="closing_year" Type="Edm.Int32"/>
        <Property Name="closing_month" Type="Edm.Int32"/>
        <Property Name="status" Type="Edm.String" MaxLength="20" DefaultValue="draft"/>
        <Property Name="completion_rate" Type="Edm.Decimal" Precision="5" Scale="2"/>
        <Property Name="total_worked_hours" Type="Edm.Decimal" Precision="10" Scale="2"/>
        <Property Name="total_overtime_hours" Type="Edm.Decimal" Precision="10" Scale="2"/>
        <Property Name="project_id_ID" Type="Edm.Guid"/>
        <Property Name="project_name" Type="Edm.String" MaxLength="200"/>
        <Property Name="submitter_id" Type="Edm.String" MaxLength="80"/>
        <Property Name="submitter_name" Type="Edm.String" MaxLength="120"/>
        <Property Name="createdAt" Type="Edm.DateTimeOffset" Precision="7"/>
      </EntityType>
      <ComplexType Name="DailyClosingInput">
        <Property Name="project_id_ID" Type="Edm.Guid"/>
        <Property Name="closing_date" Type="Edm.Date"/>
        <Property Name="completed_tasks" Type="Edm.String" MaxLength="2000"/>
        <Property Name="in_progress_tasks" Type="Edm.String" MaxLength="2000"/>
        <Property Name="next_day_plan" Type="Edm.String" MaxLength="2000"/>
        <Property Name="issues" Type="Edm.String" MaxLength="2000"/>
        <Property Name="notes" Type="Edm.String" MaxLength="2000"/>
        <Property Name="worked_hours" Type="Edm.Decimal" Precision="5" Scale="2"/>
        <Property Name="overtime_hours" Type="Edm.Decimal" Precision="5" Scale="2"/>
        <Property Name="completion_rate" Type="Edm.Decimal" Precision="5" Scale="2"/>
        <Property Name="submitter_id" Type="Edm.String" MaxLength="80"/>
      </ComplexType>
      <ComplexType Name="MonthlyClosingInput">
        <Property Name="project_id_ID" Type="Edm.Guid"/>
        <Property Name="closing_year" Type="Edm.Int32"/>
        <Property Name="closing_month" Type="Edm.Int32"/>
        <Property Name="summary" Type="Edm.String" MaxLength="4000"/>
        <Property Name="achievements" Type="Edm.String" MaxLength="2000"/>
        <Property Name="challenges" Type="Edm.String" MaxLength="2000"/>
        <Property Name="next_month_plan" Type="Edm.String" MaxLength="2000"/>
        <Property Name="total_tasks" Type="Edm.Int32"/>
        <Property Name="completed_tasks" Type="Edm.Int32"/>
        <Property Name="in_progress_tasks" Type="Edm.Int32"/>
        <Property Name="total_worked_hours" Type="Edm.Decimal" Precision="10" Scale="2"/>
        <Property Name="total_overtime_hours" Type="Edm.Decimal" Precision="10" Scale="2"/>
        <Property Name="completion_rate" Type="Edm.Decimal" Precision="5" Scale="2"/>
        <Property Name="submitter_id" Type="Edm.String" MaxLength="80"/>
      </ComplexType>
      <Action Name="CreateDailyClosing" IsBound="false">
        <Parameter Name="closingData" Type="ClosingService.DailyClosingInput"/>
        <ReturnType Type="ClosingService.DailyClosing"/>
      </Action>
      <Action Name="SubmitDailyClosing" IsBound="false">
        <Parameter Name="ID" Type="Edm.Guid"/>
        <ReturnType Type="ClosingService.DailyClosing"/>
      </Action>
      <Action Name="ApproveDailyClosing" IsBound="false">
        <Parameter Name="ID" Type="Edm.Guid"/>
        <Parameter Name="approver_id" Type="Edm.String" MaxLength="80"/>
        <ReturnType Type="ClosingService.DailyClosing"/>
      </Action>
      <Action Name="CreateMonthlyClosing" IsBound="false">
        <Parameter Name="closingData" Type="ClosingService.MonthlyClosingInput"/>
        <ReturnType Type="ClosingService.MonthlyClosing"/>
      </Action>
      <Action Name="SubmitMonthlyClosing" IsBound="false">
        <Parameter Name="ID" Type="Edm.Guid"/>
        <ReturnType Type="ClosingService.MonthlyClosing"/>
      </Action>
      <Action Name="ApproveMonthlyClosing" IsBound="false">
        <Parameter Name="ID" Type="Edm.Guid"/>
        <Parameter Name="approver_id" Type="Edm.String" MaxLength="80"/>
        <ReturnType Type="ClosingService.MonthlyClosing"/>
      </Action>
      <Annotations Target="ClosingService.DailyClosing/ID">
        <Annotation Term="Core.ComputedDefaultValue" Bool="true"/>
      </Annotations>
      <Annotations Target="ClosingService.DailyClosing/createdAt">
        <Annotation Term="UI.HiddenFilter" Bool="true"/>
        <Annotation Term="UI.ExcludeFromNavigationContext" Bool="true"/>
        <Annotation Term="Core.Immutable" Bool="true"/>
        <Annotation Term="Core.Computed" Bool="true"/>
        <Annotation Term="Common.Label" String="{i18n>CreatedAt}"/>
      </Annotations>
      <Annotations Target="ClosingService.DailyClosing/createdBy">
        <Annotation Term="UI.HiddenFilter" Bool="true"/>
        <Annotation Term="UI.ExcludeFromNavigationContext" Bool="true"/>
        <Annotation Term="Core.Immutable" Bool="true"/>
        <Annotation Term="Core.Computed" Bool="true"/>
        <Annotation Term="Core.Description" String="{i18n>UserID.Description}"/>
        <Annotation Term="Common.Label" String="{i18n>CreatedBy}"/>
      </Annotations>
      <Annotations Target="ClosingService.DailyClosing/modifiedAt">
        <Annotation Term="UI.HiddenFilter" Bool="true"/>
        <Annotation Term="UI.ExcludeFromNavigationContext" Bool="true"/>
        <Annotation Term="Core.Computed" Bool="true"/>
        <Annotation Term="Common.Label" String="{i18n>ChangedAt}"/>
      </Annotations>
      <Annotations Target="ClosingService.DailyClosing/modifiedBy">
        <Annotation Term="UI.HiddenFilter" Bool="true"/>
        <Annotation Term="UI.ExcludeFromNavigationContext" Bool="true"/>
        <Annotation Term="Core.Computed" Bool="true"/>
        <Annotation Term="Core.Description" String="{i18n>UserID.Description}"/>
        <Annotation Term="Common.Label" String="{i18n>ChangedBy}"/>
      </Annotations>
      <Annotations Target="ClosingService.DailyClosing/status">
        <Annotation Term="Validation.AllowedValues">
          <Collection>
            <Record Type="Validation.AllowedValue">
              <Annotation Term="Core.SymbolicName" String="draft"/>
              <PropertyValue Property="Value" String="draft"/>
            </Record>
            <Record Type="Validation.AllowedValue">
              <Annotation Term="Core.SymbolicName" String="submitted"/>
              <PropertyValue Property="Value" String="submitted"/>
            </Record>
            <Record Type="Validation.AllowedValue">
              <Annotation Term="Core.SymbolicName" String="approved"/>
              <PropertyValue Property="Value" String="approved"/>
            </Record>
            <Record Type="Validation.AllowedValue">
              <Annotation Term="Core.SymbolicName" String="rejected"/>
              <PropertyValue Property="Value" String="rejected"/>
            </Record>
          </Collection>
        </Annotation>
      </Annotations>
      <Annotations Target="ClosingService.MonthlyClosing/ID">
        <Annotation Term="Core.ComputedDefaultValue" Bool="true"/>
      </Annotations>
      <Annotations Target="ClosingService.MonthlyClosing/createdAt">
        <Annotation Term="UI.HiddenFilter" Bool="true"/>
        <Annotation Term="UI.ExcludeFromNavigationContext" Bool="true"/>
        <Annotation Term="Core.Immutable" Bool="true"/>
        <Annotation Term="Core.Computed" Bool="true"/>
        <Annotation Term="Common.Label" String="{i18n>CreatedAt}"/>
      </Annotations>
      <Annotations Target="ClosingService.MonthlyClosing/createdBy">
        <Annotation Term="UI.HiddenFilter" Bool="true"/>
        <Annotation Term="UI.ExcludeFromNavigationContext" Bool="true"/>
        <Annotation Term="Core.Immutable" Bool="true"/>
        <Annotation Term="Core.Computed" Bool="true"/>
        <Annotation Term="Core.Description" String="{i18n>UserID.Description}"/>
        <Annotation Term="Common.Label" String="{i18n>CreatedBy}"/>
      </Annotations>
      <Annotations Target="ClosingService.MonthlyClosing/modifiedAt">
        <Annotation Term="UI.HiddenFilter" Bool="true"/>
        <Annotation Term="UI.ExcludeFromNavigationContext" Bool="true"/>
        <Annotation Term="Core.Computed" Bool="true"/>
        <Annotation Term="Common.Label" String="{i18n>ChangedAt}"/>
      </Annotations>
      <Annotations Target="ClosingService.MonthlyClosing/modifiedBy">
        <Annotation Term="UI.HiddenFilter" Bool="true"/>
        <Annotation Term="UI.ExcludeFromNavigationContext" Bool="true"/>
        <Annotation Term="Core.Computed" Bool="true"/>
        <Annotation Term="Core.Description" String="{i18n>UserID.Description}"/>
        <Annotation Term="Common.Label" String="{i18n>ChangedBy}"/>
      </Annotations>
      <Annotations Target="ClosingService.MonthlyClosing/status">
        <Annotation Term="Validation.AllowedValues">
          <Collection>
            <Record Type="Validation.AllowedValue">
              <Annotation Term="Core.SymbolicName" String="draft"/>
              <PropertyValue Property="Value" String="draft"/>
            </Record>
            <Record Type="Validation.AllowedValue">
              <Annotation Term="Core.SymbolicName" String="submitted"/>
              <PropertyValue Property="Value" String="submitted"/>
            </Record>
            <Record Type="Validation.AllowedValue">
              <Annotation Term="Core.SymbolicName" String="approved"/>
              <PropertyValue Property="Value" String="approved"/>
            </Record>
            <Record Type="Validation.AllowedValue">
              <Annotation Term="Core.SymbolicName" String="rejected"/>
              <PropertyValue Property="Value" String="rejected"/>
            </Record>
          </Collection>
        </Annotation>
      </Annotations>
      <Annotations Target="ClosingService.DailyClosingListView/ID">
        <Annotation Term="Core.ComputedDefaultValue" Bool="true"/>
      </Annotations>
      <Annotations Target="ClosingService.DailyClosingListView/status">
        <Annotation Term="Validation.AllowedValues">
          <Collection>
            <Record Type="Validation.AllowedValue">
              <Annotation Term="Core.SymbolicName" String="draft"/>
              <PropertyValue Property="Value" String="draft"/>
            </Record>
            <Record Type="Validation.AllowedValue">
              <Annotation Term="Core.SymbolicName" String="submitted"/>
              <PropertyValue Property="Value" String="submitted"/>
            </Record>
            <Record Type="Validation.AllowedValue">
              <Annotation Term="Core.SymbolicName" String="approved"/>
              <PropertyValue Property="Value" String="approved"/>
            </Record>
            <Record Type="Validation.AllowedValue">
              <Annotation Term="Core.SymbolicName" String="rejected"/>
              <PropertyValue Property="Value" String="rejected"/>
            </Record>
          </Collection>
        </Annotation>
      </Annotations>
      <Annotations Target="ClosingService.DailyClosingListView/createdAt">
        <Annotation Term="UI.HiddenFilter" Bool="true"/>
        <Annotation Term="UI.ExcludeFromNavigationContext" Bool="true"/>
        <Annotation Term="Core.Immutable" Bool="true"/>
        <Annotation Term="Core.Computed" Bool="true"/>
        <Annotation Term="Common.Label" String="{i18n>CreatedAt}"/>
      </Annotations>
      <Annotations Target="ClosingService.MonthlyClosingListView/ID">
        <Annotation Term="Core.ComputedDefaultValue" Bool="true"/>
      </Annotations>
      <Annotations Target="ClosingService.MonthlyClosingListView/status">
        <Annotation Term="Validation.AllowedValues">
          <Collection>
            <Record Type="Validation.AllowedValue">
              <Annotation Term="Core.SymbolicName" String="draft"/>
              <PropertyValue Property="Value" String="draft"/>
            </Record>
            <Record Type="Validation.AllowedValue">
              <Annotation Term="Core.SymbolicName" String="submitted"/>
              <PropertyValue Property="Value" String="submitted"/>
            </Record>
            <Record Type="Validation.AllowedValue">
              <Annotation Term="Core.SymbolicName" String="approved"/>
              <PropertyValue Property="Value" String="approved"/>
            </Record>
            <Record Type="Validation.AllowedValue">
              <Annotation Term="Core.SymbolicName" String="rejected"/>
              <PropertyValue Property="Value" String="rejected"/>
            </Record>
          </Collection>
        </Annotation>
      </Annotations>
      <Annotations Target="ClosingService.MonthlyClosingListView/createdAt">
        <Annotation Term="UI.HiddenFilter" Bool="true"/>
        <Annotation Term="UI.ExcludeFromNavigationContext" Bool="true"/>
        <Annotation Term="Core.Immutable" Bool="true"/>
        <Annotation Term="Core.Computed" Bool="true"/>
        <Annotation Term="Common.Label" String="{i18n>CreatedAt}"/>
      </Annotations>
    </Schema>
  </edmx:DataServices>
</edmx:Edmx>