<?xml version="1.0" encoding="utf-8"?>
<edmx:Edmx Version="4.0" xmlns:edmx="http://docs.oasis-open.org/odata/ns/edmx">
  <edmx:Reference Uri="https://sap.github.io/odata-vocabularies/vocabularies/Common.xml">
    <edmx:Include Alias="Common" Namespace="com.sap.vocabularies.Common.v1"/>
  </edmx:Reference>
  <edmx:Reference Uri="https://oasis-tcs.github.io/odata-vocabularies/vocabularies/Org.OData.Core.V1.xml">
    <edmx:Include Alias="Core" Namespace="Org.OData.Core.V1"/>
  </edmx:Reference>
  <edmx:Reference Uri="https://sap.github.io/odata-vocabularies/vocabularies/UI.xml">
    <edmx:Include Alias="UI" Namespace="com.sap.vocabularies.UI.v1"/>
  </edmx:Reference>
  <edmx:Reference Uri="https://oasis-tcs.github.io/odata-vocabularies/vocabularies/Org.OData.Validation.V1.xml">
    <edmx:Include Alias="Validation" Namespace="Org.OData.Validation.V1"/>
  </edmx:Reference>
  <edmx:DataServices>
    <Schema Namespace="EffortService" xmlns="http://docs.oasis-open.org/odata/ns/edm">
      <Annotation Term="Core.Links">
        <Collection>
          <Record>
            <PropertyValue Property="rel" String="author"/>
            <PropertyValue Property="href" String="https://cap.cloud.sap"/>
          </Record>
        </Collection>
      </Annotation>
      <EntityContainer Name="EntityContainer">
        <EntitySet Name="Effort" EntityType="EffortService.Effort">
          <NavigationPropertyBinding Path="task_id" Target="Task"/>
        </EntitySet>
        <EntitySet Name="EffortByProject" EntityType="EffortService.EffortByProject">
          <NavigationPropertyBinding Path="task_id" Target="Task"/>
        </EntitySet>
        <EntitySet Name="EffortByUser" EntityType="EffortService.EffortByUser">
          <NavigationPropertyBinding Path="task_id" Target="Task"/>
        </EntitySet>
        <EntitySet Name="EffortSummaryByProject" EntityType="EffortService.EffortSummaryByProject"/>
        <EntitySet Name="EffortSummaryByUser" EntityType="EffortService.EffortSummaryByUser"/>
        <EntitySet Name="Task" EntityType="EffortService.Task">
          <NavigationPropertyBinding Path="_Effort" Target="Effort"/>
        </EntitySet>
        <ActionImport Name="CreateEffort" Action="EffortService.CreateEffort" EntitySet="Effort"/>
        <ActionImport Name="UpdateEffort" Action="EffortService.UpdateEffort" EntitySet="Effort"/>
        <ActionImport Name="GetEffortSummary" Action="EffortService.GetEffortSummary"/>
      </EntityContainer>
      <EntityType Name="Effort">
        <Key>
          <PropertyRef Name="ID"/>
        </Key>
        <Property Name="ID" Type="Edm.Guid" Nullable="false"/>
        <Property Name="createdAt" Type="Edm.DateTimeOffset" Precision="7"/>
        <Property Name="createdBy" Type="Edm.String" MaxLength="255"/>
        <Property Name="modifiedAt" Type="Edm.DateTimeOffset" Precision="7"/>
        <Property Name="modifiedBy" Type="Edm.String" MaxLength="255"/>
        <Property Name="project_id_ID" Type="Edm.Guid"/>
        <NavigationProperty Name="task_id" Type="EffortService.Task" Partner="_Effort">
          <ReferentialConstraint Property="task_id_ID" ReferencedProperty="ID"/>
        </NavigationProperty>
        <Property Name="task_id_ID" Type="Edm.Guid"/>
        <Property Name="user_id" Type="Edm.String" MaxLength="80"/>
        <Property Name="effort_date" Type="Edm.Date"/>
        <Property Name="effort_type" Type="Edm.String" MaxLength="20" DefaultValue="actual"/>
        <Property Name="hours" Type="Edm.Decimal" Precision="5" Scale="2"/>
        <Property Name="description" Type="Edm.String" MaxLength="1000"/>
        <Property Name="project_phase" Type="Edm.String" MaxLength="20"/>
        <Property Name="work_category" Type="Edm.String" MaxLength="100"/>
      </EntityType>
      <EntityType Name="EffortByProject">
        <Key>
          <PropertyRef Name="ID"/>
        </Key>
        <Property Name="ID" Type="Edm.Guid" Nullable="false"/>
        <Property Name="effort_date" Type="Edm.Date"/>
        <Property Name="effort_type" Type="Edm.String" MaxLength="20" DefaultValue="actual"/>
        <Property Name="hours" Type="Edm.Decimal" Precision="5" Scale="2"/>
        <Property Name="description" Type="Edm.String" MaxLength="1000"/>
        <Property Name="project_id_ID" Type="Edm.Guid"/>
        <Property Name="project_name" Type="Edm.String" MaxLength="200"/>
        <NavigationProperty Name="task_id" Type="EffortService.Task">
          <ReferentialConstraint Property="task_id_ID" ReferencedProperty="ID"/>
        </NavigationProperty>
        <Property Name="task_id_ID" Type="Edm.Guid"/>
        <Property Name="task_title" Type="Edm.String" MaxLength="200"/>
        <Property Name="user_id" Type="Edm.String" MaxLength="80"/>
        <Property Name="user_name" Type="Edm.String" MaxLength="120"/>
        <Property Name="createdAt" Type="Edm.DateTimeOffset" Precision="7"/>
        <Property Name="modifiedAt" Type="Edm.DateTimeOffset" Precision="7"/>
      </EntityType>
      <EntityType Name="EffortByUser">
        <Key>
          <PropertyRef Name="ID"/>
        </Key>
        <Property Name="ID" Type="Edm.Guid" Nullable="false"/>
        <Property Name="effort_date" Type="Edm.Date"/>
        <Property Name="effort_type" Type="Edm.String" MaxLength="20" DefaultValue="actual"/>
        <Property Name="hours" Type="Edm.Decimal" Precision="5" Scale="2"/>
        <Property Name="description" Type="Edm.String" MaxLength="1000"/>
        <Property Name="project_id_ID" Type="Edm.Guid"/>
        <Property Name="project_name" Type="Edm.String" MaxLength="200"/>
        <NavigationProperty Name="task_id" Type="EffortService.Task">
          <ReferentialConstraint Property="task_id_ID" ReferencedProperty="ID"/>
        </NavigationProperty>
        <Property Name="task_id_ID" Type="Edm.Guid"/>
        <Property Name="task_title" Type="Edm.String" MaxLength="200"/>
        <Property Name="user_id" Type="Edm.String" MaxLength="80"/>
        <Property Name="user_name" Type="Edm.String" MaxLength="120"/>
        <Property Name="createdAt" Type="Edm.DateTimeOffset" Precision="7"/>
        <Property Name="modifiedAt" Type="Edm.DateTimeOffset" Precision="7"/>
      </EntityType>
      <EntityType Name="EffortSummaryByProject">
        <Key>
          <PropertyRef Name="project_id_ID"/>
        </Key>
        <Property Name="project_id_ID" Type="Edm.Guid" Nullable="false"/>
        <Property Name="project_name" Type="Edm.String" MaxLength="200"/>
        <Property Name="effort_date" Type="Edm.Date"/>
        <Property Name="total_hours" Type="Edm.Decimal" Precision="10" Scale="2"/>
        <Property Name="effort_count" Type="Edm.Int32"/>
      </EntityType>
      <EntityType Name="EffortSummaryByUser">
        <Key>
          <PropertyRef Name="user_id"/>
        </Key>
        <Property Name="user_id" Type="Edm.String" MaxLength="80" Nullable="false"/>
        <Property Name="user_name" Type="Edm.String" MaxLength="120"/>
        <Property Name="effort_date" Type="Edm.Date"/>
        <Property Name="total_hours" Type="Edm.Decimal" Precision="10" Scale="2"/>
        <Property Name="effort_count" Type="Edm.Int32"/>
      </EntityType>
      <EntityType Name="Task">
        <Key>
          <PropertyRef Name="ID"/>
        </Key>
        <Property Name="ID" Type="Edm.Guid" Nullable="false"/>
        <Property Name="createdAt" Type="Edm.DateTimeOffset" Precision="7"/>
        <Property Name="createdBy" Type="Edm.String" MaxLength="255"/>
        <Property Name="modifiedAt" Type="Edm.DateTimeOffset" Precision="7"/>
        <Property Name="modifiedBy" Type="Edm.String" MaxLength="255"/>
        <Property Name="project_id_ID" Type="Edm.Guid"/>
        <Property Name="title" Type="Edm.String" MaxLength="200"/>
        <Property Name="description" Type="Edm.String" MaxLength="2000"/>
        <Property Name="status" Type="Edm.String" MaxLength="20" DefaultValue="todo"/>
        <Property Name="priority" Type="Edm.String" MaxLength="10" DefaultValue="medium"/>
        <Property Name="assignee_id" Type="Edm.String" MaxLength="80"/>
        <Property Name="reporter_id" Type="Edm.String" MaxLength="80"/>
        <Property Name="due_date" Type="Edm.Date"/>
        <Property Name="start_date" Type="Edm.Date"/>
        <Property Name="completed_at" Type="Edm.DateTimeOffset" Precision="7"/>
        <Property Name="progress" Type="Edm.Int32" DefaultValue="0"/>
        <Property Name="estimated_hours" Type="Edm.Decimal" Precision="5" Scale="2"/>
        <Property Name="actual_hours" Type="Edm.Decimal" Precision="5" Scale="2"/>
        <Property Name="tags" Type="Edm.String" MaxLength="500"/>
        <Property Name="note" Type="Edm.String" MaxLength="2000"/>
        <NavigationProperty Name="_Effort" Type="Collection(EffortService.Effort)" Partner="task_id">
          <OnDelete Action="Cascade"/>
        </NavigationProperty>
      </EntityType>
      <ComplexType Name="EffortInput">
        <Property Name="project_id_ID" Type="Edm.Guid"/>
        <Property Name="task_id_ID" Type="Edm.Guid"/>
        <Property Name="user_id" Type="Edm.String" MaxLength="80"/>
        <Property Name="effort_date" Type="Edm.Date"/>
        <Property Name="effort_type" Type="Edm.String" MaxLength="20"/>
        <Property Name="hours" Type="Edm.Decimal" Precision="5" Scale="2"/>
        <Property Name="description" Type="Edm.String" MaxLength="1000"/>
        <Property Name="project_phase" Type="Edm.String" MaxLength="20"/>
        <Property Name="work_category" Type="Edm.String" MaxLength="100"/>
      </ComplexType>
      <ComplexType Name="EffortSummaryResult">
        <Property Name="project_id" Type="Edm.Guid"/>
        <Property Name="project_name" Type="Edm.String" MaxLength="200"/>
        <Property Name="start_date" Type="Edm.Date"/>
        <Property Name="end_date" Type="Edm.Date"/>
        <Property Name="total_planned_hours" Type="Edm.Decimal" Precision="10" Scale="2"/>
        <Property Name="total_actual_hours" Type="Edm.Decimal" Precision="10" Scale="2"/>
        <Property Name="total_overtime_hours" Type="Edm.Decimal" Precision="10" Scale="2"/>
        <Property Name="effort_count" Type="Edm.Int32"/>
      </ComplexType>
      <Action Name="CreateEffort" IsBound="false">
        <Parameter Name="effortData" Type="EffortService.EffortInput"/>
        <ReturnType Type="EffortService.Effort"/>
      </Action>
      <Action Name="UpdateEffort" IsBound="false">
        <Parameter Name="ID" Type="Edm.Guid"/>
        <Parameter Name="effortData" Type="EffortService.EffortInput"/>
        <ReturnType Type="EffortService.Effort"/>
      </Action>
      <Action Name="GetEffortSummary" IsBound="false">
        <Parameter Name="project_id" Type="Edm.Guid"/>
        <Parameter Name="start_date" Type="Edm.Date"/>
        <Parameter Name="end_date" Type="Edm.Date"/>
        <ReturnType Type="EffortService.EffortSummaryResult"/>
      </Action>
      <Annotations Target="EffortService.Effort/ID">
        <Annotation Term="Core.ComputedDefaultValue" Bool="true"/>
      </Annotations>
      <Annotations Target="EffortService.Effort/createdAt">
        <Annotation Term="UI.HiddenFilter" Bool="true"/>
        <Annotation Term="UI.ExcludeFromNavigationContext" Bool="true"/>
        <Annotation Term="Core.Immutable" Bool="true"/>
        <Annotation Term="Core.Computed" Bool="true"/>
        <Annotation Term="Common.Label" String="{i18n>CreatedAt}"/>
      </Annotations>
      <Annotations Target="EffortService.Effort/createdBy">
        <Annotation Term="UI.HiddenFilter" Bool="true"/>
        <Annotation Term="UI.ExcludeFromNavigationContext" Bool="true"/>
        <Annotation Term="Core.Immutable" Bool="true"/>
        <Annotation Term="Core.Computed" Bool="true"/>
        <Annotation Term="Core.Description" String="{i18n>UserID.Description}"/>
        <Annotation Term="Common.Label" String="{i18n>CreatedBy}"/>
      </Annotations>
      <Annotations Target="EffortService.Effort/modifiedAt">
        <Annotation Term="UI.HiddenFilter" Bool="true"/>
        <Annotation Term="UI.ExcludeFromNavigationContext" Bool="true"/>
        <Annotation Term="Core.Computed" Bool="true"/>
        <Annotation Term="Common.Label" String="{i18n>ChangedAt}"/>
      </Annotations>
      <Annotations Target="EffortService.Effort/modifiedBy">
        <Annotation Term="UI.HiddenFilter" Bool="true"/>
        <Annotation Term="UI.ExcludeFromNavigationContext" Bool="true"/>
        <Annotation Term="Core.Computed" Bool="true"/>
        <Annotation Term="Core.Description" String="{i18n>UserID.Description}"/>
        <Annotation Term="Common.Label" String="{i18n>ChangedBy}"/>
      </Annotations>
      <Annotations Target="EffortService.Effort/effort_type">
        <Annotation Term="Validation.AllowedValues">
          <Collection>
            <Record Type="Validation.AllowedValue">
              <Annotation Term="Core.SymbolicName" String="planned"/>
              <PropertyValue Property="Value" String="planned"/>
            </Record>
            <Record Type="Validation.AllowedValue">
              <Annotation Term="Core.SymbolicName" String="actual"/>
              <PropertyValue Property="Value" String="actual"/>
            </Record>
            <Record Type="Validation.AllowedValue">
              <Annotation Term="Core.SymbolicName" String="overtime"/>
              <PropertyValue Property="Value" String="overtime"/>
            </Record>
          </Collection>
        </Annotation>
      </Annotations>
      <Annotations Target="EffortService.EffortByProject/ID">
        <Annotation Term="Core.ComputedDefaultValue" Bool="true"/>
      </Annotations>
      <Annotations Target="EffortService.EffortByProject/effort_type">
        <Annotation Term="Validation.AllowedValues">
          <Collection>
            <Record Type="Validation.AllowedValue">
              <Annotation Term="Core.SymbolicName" String="planned"/>
              <PropertyValue Property="Value" String="planned"/>
            </Record>
            <Record Type="Validation.AllowedValue">
              <Annotation Term="Core.SymbolicName" String="actual"/>
              <PropertyValue Property="Value" String="actual"/>
            </Record>
            <Record Type="Validation.AllowedValue">
              <Annotation Term="Core.SymbolicName" String="overtime"/>
              <PropertyValue Property="Value" String="overtime"/>
            </Record>
          </Collection>
        </Annotation>
      </Annotations>
      <Annotations Target="EffortService.EffortByProject/createdAt">
        <Annotation Term="UI.HiddenFilter" Bool="true"/>
        <Annotation Term="UI.ExcludeFromNavigationContext" Bool="true"/>
        <Annotation Term="Core.Immutable" Bool="true"/>
        <Annotation Term="Core.Computed" Bool="true"/>
        <Annotation Term="Common.Label" String="{i18n>CreatedAt}"/>
      </Annotations>
      <Annotations Target="EffortService.EffortByProject/modifiedAt">
        <Annotation Term="UI.HiddenFilter" Bool="true"/>
        <Annotation Term="UI.ExcludeFromNavigationContext" Bool="true"/>
        <Annotation Term="Core.Computed" Bool="true"/>
        <Annotation Term="Common.Label" String="{i18n>ChangedAt}"/>
      </Annotations>
      <Annotations Target="EffortService.EffortByUser/ID">
        <Annotation Term="Core.ComputedDefaultValue" Bool="true"/>
      </Annotations>
      <Annotations Target="EffortService.EffortByUser/effort_type">
        <Annotation Term="Validation.AllowedValues">
          <Collection>
            <Record Type="Validation.AllowedValue">
              <Annotation Term="Core.SymbolicName" String="planned"/>
              <PropertyValue Property="Value" String="planned"/>
            </Record>
            <Record Type="Validation.AllowedValue">
              <Annotation Term="Core.SymbolicName" String="actual"/>
              <PropertyValue Property="Value" String="actual"/>
            </Record>
            <Record Type="Validation.AllowedValue">
              <Annotation Term="Core.SymbolicName" String="overtime"/>
              <PropertyValue Property="Value" String="overtime"/>
            </Record>
          </Collection>
        </Annotation>
      </Annotations>
      <Annotations Target="EffortService.EffortByUser/createdAt">
        <Annotation Term="UI.HiddenFilter" Bool="true"/>
        <Annotation Term="UI.ExcludeFromNavigationContext" Bool="true"/>
        <Annotation Term="Core.Immutable" Bool="true"/>
        <Annotation Term="Core.Computed" Bool="true"/>
        <Annotation Term="Common.Label" String="{i18n>CreatedAt}"/>
      </Annotations>
      <Annotations Target="EffortService.EffortByUser/modifiedAt">
        <Annotation Term="UI.HiddenFilter" Bool="true"/>
        <Annotation Term="UI.ExcludeFromNavigationContext" Bool="true"/>
        <Annotation Term="Core.Computed" Bool="true"/>
        <Annotation Term="Common.Label" String="{i18n>ChangedAt}"/>
      </Annotations>
      <Annotations Target="EffortService.EffortSummaryByProject/total_hours">
        <Annotation Term="Core.Computed" Bool="true"/>
      </Annotations>
      <Annotations Target="EffortService.EffortSummaryByProject/effort_count">
        <Annotation Term="Core.Computed" Bool="true"/>
      </Annotations>
      <Annotations Target="EffortService.EffortSummaryByUser/total_hours">
        <Annotation Term="Core.Computed" Bool="true"/>
      </Annotations>
      <Annotations Target="EffortService.EffortSummaryByUser/effort_count">
        <Annotation Term="Core.Computed" Bool="true"/>
      </Annotations>
      <Annotations Target="EffortService.Task/ID">
        <Annotation Term="Core.ComputedDefaultValue" Bool="true"/>
      </Annotations>
      <Annotations Target="EffortService.Task/createdAt">
        <Annotation Term="UI.HiddenFilter" Bool="true"/>
        <Annotation Term="UI.ExcludeFromNavigationContext" Bool="true"/>
        <Annotation Term="Core.Immutable" Bool="true"/>
        <Annotation Term="Core.Computed" Bool="true"/>
        <Annotation Term="Common.Label" String="{i18n>CreatedAt}"/>
      </Annotations>
      <Annotations Target="EffortService.Task/createdBy">
        <Annotation Term="UI.HiddenFilter" Bool="true"/>
        <Annotation Term="UI.ExcludeFromNavigationContext" Bool="true"/>
        <Annotation Term="Core.Immutable" Bool="true"/>
        <Annotation Term="Core.Computed" Bool="true"/>
        <Annotation Term="Core.Description" String="{i18n>UserID.Description}"/>
        <Annotation Term="Common.Label" String="{i18n>CreatedBy}"/>
      </Annotations>
      <Annotations Target="EffortService.Task/modifiedAt">
        <Annotation Term="UI.HiddenFilter" Bool="true"/>
        <Annotation Term="UI.ExcludeFromNavigationContext" Bool="true"/>
        <Annotation Term="Core.Computed" Bool="true"/>
        <Annotation Term="Common.Label" String="{i18n>ChangedAt}"/>
      </Annotations>
      <Annotations Target="EffortService.Task/modifiedBy">
        <Annotation Term="UI.HiddenFilter" Bool="true"/>
        <Annotation Term="UI.ExcludeFromNavigationContext" Bool="true"/>
        <Annotation Term="Core.Computed" Bool="true"/>
        <Annotation Term="Core.Description" String="{i18n>UserID.Description}"/>
        <Annotation Term="Common.Label" String="{i18n>ChangedBy}"/>
      </Annotations>
      <Annotations Target="EffortService.Task/status">
        <Annotation Term="Validation.AllowedValues">
          <Collection>
            <Record Type="Validation.AllowedValue">
              <Annotation Term="Core.SymbolicName" String="todo"/>
              <PropertyValue Property="Value" String="todo"/>
            </Record>
            <Record Type="Validation.AllowedValue">
              <Annotation Term="Core.SymbolicName" String="in_progress"/>
              <PropertyValue Property="Value" String="in_progress"/>
            </Record>
            <Record Type="Validation.AllowedValue">
              <Annotation Term="Core.SymbolicName" String="review"/>
              <PropertyValue Property="Value" String="review"/>
            </Record>
            <Record Type="Validation.AllowedValue">
              <Annotation Term="Core.SymbolicName" String="done"/>
              <PropertyValue Property="Value" String="done"/>
            </Record>
            <Record Type="Validation.AllowedValue">
              <Annotation Term="Core.SymbolicName" String="blocked"/>
              <PropertyValue Property="Value" String="blocked"/>
            </Record>
            <Record Type="Validation.AllowedValue">
              <Annotation Term="Core.SymbolicName" String="cancelled"/>
              <PropertyValue Property="Value" String="cancelled"/>
            </Record>
          </Collection>
        </Annotation>
      </Annotations>
      <Annotations Target="EffortService.Task/priority">
        <Annotation Term="Validation.AllowedValues">
          <Collection>
            <Record Type="Validation.AllowedValue">
              <Annotation Term="Core.SymbolicName" String="low"/>
              <PropertyValue Property="Value" String="low"/>
            </Record>
            <Record Type="Validation.AllowedValue">
              <Annotation Term="Core.SymbolicName" String="medium"/>
              <PropertyValue Property="Value" String="medium"/>
            </Record>
            <Record Type="Validation.AllowedValue">
              <Annotation Term="Core.SymbolicName" String="high"/>
              <PropertyValue Property="Value" String="high"/>
            </Record>
            <Record Type="Validation.AllowedValue">
              <Annotation Term="Core.SymbolicName" String="critical"/>
              <PropertyValue Property="Value" String="critical"/>
            </Record>
          </Collection>
        </Annotation>
      </Annotations>
      <Annotations Target="EffortService.EffortInput/effort_type">
        <Annotation Term="Validation.AllowedValues">
          <Collection>
            <Record Type="Validation.AllowedValue">
              <Annotation Term="Core.SymbolicName" String="planned"/>
              <PropertyValue Property="Value" String="planned"/>
            </Record>
            <Record Type="Validation.AllowedValue">
              <Annotation Term="Core.SymbolicName" String="actual"/>
              <PropertyValue Property="Value" String="actual"/>
            </Record>
            <Record Type="Validation.AllowedValue">
              <Annotation Term="Core.SymbolicName" String="overtime"/>
              <PropertyValue Property="Value" String="overtime"/>
            </Record>
          </Collection>
        </Annotation>
      </Annotations>
    </Schema>
  </edmx:DataServices>
</edmx:Edmx>