<?xml version="1.0" encoding="utf-8"?>
<edmx:Edmx Version="4.0" xmlns:edmx="http://docs.oasis-open.org/odata/ns/edmx">
  <edmx:Reference Uri="https://sap.github.io/odata-vocabularies/vocabularies/Common.xml">
    <edmx:Include Alias="Common" Namespace="com.sap.vocabularies.Common.v1"/>
  </edmx:Reference>
  <edmx:Reference Uri="https://oasis-tcs.github.io/odata-vocabularies/vocabularies/Org.OData.Core.V1.xml">
    <edmx:Include Alias="Core" Namespace="Org.OData.Core.V1"/>
  </edmx:Reference>
  <edmx:Reference Uri="https://sap.github.io/odata-vocabularies/vocabularies/UI.xml">
    <edmx:Include Alias="UI" Namespace="com.sap.vocabularies.UI.v1"/>
  </edmx:Reference>
  <edmx:Reference Uri="https://oasis-tcs.github.io/odata-vocabularies/vocabularies/Org.OData.Validation.V1.xml">
    <edmx:Include Alias="Validation" Namespace="Org.OData.Validation.V1"/>
  </edmx:Reference>
  <edmx:DataServices>
    <Schema Namespace="ProjectService" xmlns="http://docs.oasis-open.org/odata/ns/edm">
      <Annotation Term="Core.Links">
        <Collection>
          <Record>
            <PropertyValue Property="rel" String="author"/>
            <PropertyValue Property="href" String="https://cap.cloud.sap"/>
          </Record>
        </Collection>
      </Annotation>
      <EntityContainer Name="EntityContainer">
        <EntitySet Name="Project" EntityType="ProjectService.Project">
          <NavigationPropertyBinding Path="_ProjectMember" Target="ProjectMember"/>
          <NavigationPropertyBinding Path="_Task" Target="Task"/>
          <NavigationPropertyBinding Path="_ProjectSchedule" Target="ProjectSchedule"/>
          <NavigationPropertyBinding Path="_ProjectNotice" Target="ProjectNotice"/>
          <NavigationPropertyBinding Path="_ProjectDocument" Target="ProjectDocument"/>
          <NavigationPropertyBinding Path="_DailyClosing" Target="DailyClosing"/>
          <NavigationPropertyBinding Path="_MonthlyClosing" Target="MonthlyClosing"/>
          <NavigationPropertyBinding Path="_Effort" Target="Effort"/>
          <NavigationPropertyBinding Path="_WorkStatus" Target="WorkStatus"/>
        </EntitySet>
        <EntitySet Name="ProjectMember" EntityType="ProjectService.ProjectMember">
          <NavigationPropertyBinding Path="project_id" Target="Project"/>
          <NavigationPropertyBinding Path="project_role" Target="ProjectRoleCode"/>
        </EntitySet>
        <EntitySet Name="ProjectSchedule" EntityType="ProjectService.ProjectSchedule">
          <NavigationPropertyBinding Path="project_id" Target="Project"/>
        </EntitySet>
        <EntitySet Name="ProjectNotice" EntityType="ProjectService.ProjectNotice">
          <NavigationPropertyBinding Path="project_id" Target="Project"/>
          <NavigationPropertyBinding Path="_ProjectNoticeRecipient" Target="ProjectNoticeRecipient"/>
        </EntitySet>
        <EntitySet Name="ProjectNoticeRecipient" EntityType="ProjectService.ProjectNoticeRecipient">
          <NavigationPropertyBinding Path="project_notice_id" Target="ProjectNotice"/>
        </EntitySet>
        <EntitySet Name="ProjectDocument" EntityType="ProjectService.ProjectDocument">
          <NavigationPropertyBinding Path="project_id" Target="Project"/>
        </EntitySet>
        <EntitySet Name="ProjectListView" EntityType="ProjectService.ProjectListView"/>
        <EntitySet Name="Task" EntityType="ProjectService.Task">
          <NavigationPropertyBinding Path="project_id" Target="Project"/>
          <NavigationPropertyBinding Path="_Effort" Target="Effort"/>
        </EntitySet>
        <EntitySet Name="DailyClosing" EntityType="ProjectService.DailyClosing">
          <NavigationPropertyBinding Path="project_id" Target="Project"/>
        </EntitySet>
        <EntitySet Name="MonthlyClosing" EntityType="ProjectService.MonthlyClosing">
          <NavigationPropertyBinding Path="project_id" Target="Project"/>
        </EntitySet>
        <EntitySet Name="Effort" EntityType="ProjectService.Effort">
          <NavigationPropertyBinding Path="project_id" Target="Project"/>
          <NavigationPropertyBinding Path="task_id" Target="Task"/>
        </EntitySet>
        <EntitySet Name="WorkStatus" EntityType="ProjectService.WorkStatus">
          <NavigationPropertyBinding Path="project_id" Target="Project"/>
        </EntitySet>
        <EntitySet Name="ProjectRoleCode" EntityType="ProjectService.ProjectRoleCode"/>
        <ActionImport Name="CreateProjectFull" Action="ProjectService.CreateProjectFull" EntitySet="Project"/>
        <ActionImport Name="CreateProjectNoticeFull" Action="ProjectService.CreateProjectNoticeFull"/>
        <ActionImport Name="UpdateProjectNoticeFull" Action="ProjectService.UpdateProjectNoticeFull"/>
      </EntityContainer>
      <EntityType Name="Project">
        <Key>
          <PropertyRef Name="ID"/>
        </Key>
        <Property Name="ID" Type="Edm.Guid" Nullable="false"/>
        <Property Name="createdAt" Type="Edm.DateTimeOffset" Precision="7"/>
        <Property Name="createdBy" Type="Edm.String" MaxLength="255"/>
        <Property Name="modifiedAt" Type="Edm.DateTimeOffset" Precision="7"/>
        <Property Name="modifiedBy" Type="Edm.String" MaxLength="255"/>
        <Property Name="project_code" Type="Edm.String" MaxLength="4"/>
        <Property Name="name" Type="Edm.String" MaxLength="200"/>
        <Property Name="status" Type="Edm.String" MaxLength="20"/>
        <Property Name="phase" Type="Edm.String" MaxLength="20"/>
        <Property Name="priority" Type="Edm.String" MaxLength="10"/>
        <Property Name="health" Type="Edm.String" MaxLength="10"/>
        <Property Name="pm_id" Type="Edm.String" MaxLength="80"/>
        <Property Name="lead_id" Type="Edm.String" MaxLength="80"/>
        <Property Name="note" Type="Edm.String" MaxLength="2000"/>
        <NavigationProperty Name="_ProjectMember" Type="Collection(ProjectService.ProjectMember)" Partner="project_id">
          <OnDelete Action="Cascade"/>
        </NavigationProperty>
        <NavigationProperty Name="_Task" Type="Collection(ProjectService.Task)" Partner="project_id">
          <OnDelete Action="Cascade"/>
        </NavigationProperty>
        <NavigationProperty Name="_ProjectSchedule" Type="Collection(ProjectService.ProjectSchedule)" Partner="project_id">
          <OnDelete Action="Cascade"/>
        </NavigationProperty>
        <NavigationProperty Name="_ProjectNotice" Type="Collection(ProjectService.ProjectNotice)" Partner="project_id">
          <OnDelete Action="Cascade"/>
        </NavigationProperty>
        <NavigationProperty Name="_ProjectDocument" Type="Collection(ProjectService.ProjectDocument)" Partner="project_id">
          <OnDelete Action="Cascade"/>
        </NavigationProperty>
        <NavigationProperty Name="_DailyClosing" Type="Collection(ProjectService.DailyClosing)" Partner="project_id">
          <OnDelete Action="Cascade"/>
        </NavigationProperty>
        <NavigationProperty Name="_MonthlyClosing" Type="Collection(ProjectService.MonthlyClosing)" Partner="project_id">
          <OnDelete Action="Cascade"/>
        </NavigationProperty>
        <NavigationProperty Name="_Effort" Type="Collection(ProjectService.Effort)" Partner="project_id">
          <OnDelete Action="Cascade"/>
        </NavigationProperty>
        <NavigationProperty Name="_WorkStatus" Type="Collection(ProjectService.WorkStatus)" Partner="project_id">
          <OnDelete Action="Cascade"/>
        </NavigationProperty>
      </EntityType>
      <EntityType Name="ProjectMember">
        <Key>
          <PropertyRef Name="ID"/>
        </Key>
        <Property Name="ID" Type="Edm.Guid" Nullable="false"/>
        <Property Name="createdAt" Type="Edm.DateTimeOffset" Precision="7"/>
        <Property Name="createdBy" Type="Edm.String" MaxLength="255"/>
        <Property Name="modifiedAt" Type="Edm.DateTimeOffset" Precision="7"/>
        <Property Name="modifiedBy" Type="Edm.String" MaxLength="255"/>
        <NavigationProperty Name="project_id" Type="ProjectService.Project" Partner="_ProjectMember">
          <ReferentialConstraint Property="project_id_ID" ReferencedProperty="ID"/>
        </NavigationProperty>
        <Property Name="project_id_ID" Type="Edm.Guid"/>
        <Property Name="user_id" Type="Edm.String" MaxLength="80"/>
        <NavigationProperty Name="project_role" Type="ProjectService.ProjectRoleCode">
          <ReferentialConstraint Property="project_role_item_code" ReferencedProperty="item_code"/>
        </NavigationProperty>
        <Property Name="project_role_item_code" Type="Edm.String" MaxLength="40"/>
        <Property Name="is_active" Type="Edm.Boolean" DefaultValue="true"/>
      </EntityType>
      <EntityType Name="ProjectSchedule">
        <Key>
          <PropertyRef Name="ID"/>
        </Key>
        <Property Name="ID" Type="Edm.Guid" Nullable="false"/>
        <Property Name="createdAt" Type="Edm.DateTimeOffset" Precision="7"/>
        <Property Name="createdBy" Type="Edm.String" MaxLength="255"/>
        <Property Name="modifiedAt" Type="Edm.DateTimeOffset" Precision="7"/>
        <Property Name="modifiedBy" Type="Edm.String" MaxLength="255"/>
        <NavigationProperty Name="project_id" Type="ProjectService.Project" Partner="_ProjectSchedule">
          <ReferentialConstraint Property="project_id_ID" ReferencedProperty="ID"/>
        </NavigationProperty>
        <Property Name="project_id_ID" Type="Edm.Guid"/>
        <Property Name="start_date" Type="Edm.Date"/>
        <Property Name="start_time" Type="Edm.TimeOfDay"/>
        <Property Name="end_date" Type="Edm.Date"/>
        <Property Name="end_time" Type="Edm.TimeOfDay"/>
        <Property Name="type" Type="Edm.String" MaxLength="20"/>
        <Property Name="title" Type="Edm.String" MaxLength="200"/>
        <Property Name="description" Type="Edm.String" MaxLength="1000"/>
        <Property Name="status" Type="Edm.String" MaxLength="20" DefaultValue="planned"/>
        <Property Name="is_critical" Type="Edm.Boolean" DefaultValue="false"/>
      </EntityType>
      <EntityType Name="ProjectNotice">
        <Key>
          <PropertyRef Name="ID"/>
        </Key>
        <Property Name="ID" Type="Edm.Guid" Nullable="false"/>
        <Property Name="createdAt" Type="Edm.DateTimeOffset" Precision="7"/>
        <Property Name="createdBy" Type="Edm.String" MaxLength="255"/>
        <Property Name="modifiedAt" Type="Edm.DateTimeOffset" Precision="7"/>
        <Property Name="modifiedBy" Type="Edm.String" MaxLength="255"/>
        <NavigationProperty Name="project_id" Type="ProjectService.Project" Partner="_ProjectNotice">
          <ReferentialConstraint Property="project_id_ID" ReferencedProperty="ID"/>
        </NavigationProperty>
        <Property Name="project_id_ID" Type="Edm.Guid"/>
        <Property Name="level" Type="Edm.String" MaxLength="10" DefaultValue="info"/>
        <Property Name="title" Type="Edm.String" MaxLength="200"/>
        <Property Name="content" Type="Edm.String" MaxLength="4000"/>
        <Property Name="pinned" Type="Edm.Boolean" DefaultValue="false"/>
        <Property Name="valid_from" Type="Edm.Date"/>
        <Property Name="valid_to" Type="Edm.Date"/>
        <NavigationProperty Name="_ProjectNoticeRecipient" Type="Collection(ProjectService.ProjectNoticeRecipient)" Partner="project_notice_id">
          <OnDelete Action="Cascade"/>
        </NavigationProperty>
      </EntityType>
      <EntityType Name="ProjectNoticeRecipient">
        <Key>
          <PropertyRef Name="ID"/>
        </Key>
        <Property Name="ID" Type="Edm.Guid" Nullable="false"/>
        <Property Name="createdAt" Type="Edm.DateTimeOffset" Precision="7"/>
        <Property Name="createdBy" Type="Edm.String" MaxLength="255"/>
        <Property Name="modifiedAt" Type="Edm.DateTimeOffset" Precision="7"/>
        <Property Name="modifiedBy" Type="Edm.String" MaxLength="255"/>
        <NavigationProperty Name="project_notice_id" Type="ProjectService.ProjectNotice" Partner="_ProjectNoticeRecipient">
          <ReferentialConstraint Property="project_notice_id_ID" ReferencedProperty="ID"/>
        </NavigationProperty>
        <Property Name="project_notice_id_ID" Type="Edm.Guid"/>
        <Property Name="user_id" Type="Edm.String" MaxLength="80"/>
        <Property Name="is_read" Type="Edm.Boolean" DefaultValue="false"/>
        <Property Name="read_at" Type="Edm.DateTimeOffset" Precision="7"/>
      </EntityType>
      <EntityType Name="ProjectDocument">
        <Key>
          <PropertyRef Name="ID"/>
        </Key>
        <Property Name="ID" Type="Edm.Guid" Nullable="false"/>
        <Property Name="createdAt" Type="Edm.DateTimeOffset" Precision="7"/>
        <Property Name="createdBy" Type="Edm.String" MaxLength="255"/>
        <Property Name="modifiedAt" Type="Edm.DateTimeOffset" Precision="7"/>
        <Property Name="modifiedBy" Type="Edm.String" MaxLength="255"/>
        <NavigationProperty Name="project_id" Type="ProjectService.Project" Partner="_ProjectDocument">
          <ReferentialConstraint Property="project_id_ID" ReferencedProperty="ID"/>
        </NavigationProperty>
        <Property Name="project_id_ID" Type="Edm.Guid"/>
        <Property Name="title" Type="Edm.String" MaxLength="200"/>
        <Property Name="description" Type="Edm.String" MaxLength="1000"/>
        <Property Name="doc_type" Type="Edm.String" MaxLength="20"/>
        <Property Name="status" Type="Edm.String" MaxLength="20" DefaultValue="draft"/>
        <Property Name="owner_id" Type="Edm.String" MaxLength="80"/>
        <Property Name="author_id" Type="Edm.String" MaxLength="80"/>
      </EntityType>
      <EntityType Name="ProjectListView">
        <Key>
          <PropertyRef Name="ID"/>
        </Key>
        <Property Name="ID" Type="Edm.Guid" Nullable="false"/>
        <Property Name="project_code" Type="Edm.String" MaxLength="4"/>
        <Property Name="name" Type="Edm.String" MaxLength="200"/>
        <Property Name="status" Type="Edm.String" MaxLength="20"/>
        <Property Name="phase" Type="Edm.String" MaxLength="20"/>
        <Property Name="priority" Type="Edm.String" MaxLength="10"/>
        <Property Name="health" Type="Edm.String" MaxLength="10"/>
        <Property Name="pm_id" Type="Edm.String" MaxLength="80"/>
        <Property Name="pm_name" Type="Edm.String" MaxLength="120"/>
        <Property Name="lead_id" Type="Edm.String" MaxLength="80"/>
        <Property Name="lead_name" Type="Edm.String" MaxLength="120"/>
        <Property Name="createdAt" Type="Edm.DateTimeOffset" Precision="7"/>
        <Property Name="createdBy" Type="Edm.String" MaxLength="255"/>
        <Property Name="modifiedAt" Type="Edm.DateTimeOffset" Precision="7"/>
        <Property Name="modifiedBy" Type="Edm.String" MaxLength="255"/>
      </EntityType>
      <EntityType Name="Task">
        <Key>
          <PropertyRef Name="ID"/>
        </Key>
        <Property Name="ID" Type="Edm.Guid" Nullable="false"/>
        <Property Name="createdAt" Type="Edm.DateTimeOffset" Precision="7"/>
        <Property Name="createdBy" Type="Edm.String" MaxLength="255"/>
        <Property Name="modifiedAt" Type="Edm.DateTimeOffset" Precision="7"/>
        <Property Name="modifiedBy" Type="Edm.String" MaxLength="255"/>
        <NavigationProperty Name="project_id" Type="ProjectService.Project" Partner="_Task">
          <ReferentialConstraint Property="project_id_ID" ReferencedProperty="ID"/>
        </NavigationProperty>
        <Property Name="project_id_ID" Type="Edm.Guid"/>
        <Property Name="title" Type="Edm.String" MaxLength="200"/>
        <Property Name="description" Type="Edm.String" MaxLength="2000"/>
        <Property Name="status" Type="Edm.String" MaxLength="20" DefaultValue="todo"/>
        <Property Name="priority" Type="Edm.String" MaxLength="10" DefaultValue="medium"/>
        <Property Name="assignee_id" Type="Edm.String" MaxLength="80"/>
        <Property Name="reporter_id" Type="Edm.String" MaxLength="80"/>
        <Property Name="due_date" Type="Edm.Date"/>
        <Property Name="start_date" Type="Edm.Date"/>
        <Property Name="completed_at" Type="Edm.DateTimeOffset" Precision="7"/>
        <Property Name="progress" Type="Edm.Int32" DefaultValue="0"/>
        <Property Name="estimated_hours" Type="Edm.Decimal" Precision="5" Scale="2"/>
        <Property Name="actual_hours" Type="Edm.Decimal" Precision="5" Scale="2"/>
        <Property Name="tags" Type="Edm.String" MaxLength="500"/>
        <Property Name="note" Type="Edm.String" MaxLength="2000"/>
        <NavigationProperty Name="_Effort" Type="Collection(ProjectService.Effort)" Partner="task_id">
          <OnDelete Action="Cascade"/>
        </NavigationProperty>
      </EntityType>
      <EntityType Name="DailyClosing">
        <Key>
          <PropertyRef Name="ID"/>
        </Key>
        <Property Name="ID" Type="Edm.Guid" Nullable="false"/>
        <Property Name="createdAt" Type="Edm.DateTimeOffset" Precision="7"/>
        <Property Name="createdBy" Type="Edm.String" MaxLength="255"/>
        <Property Name="modifiedAt" Type="Edm.DateTimeOffset" Precision="7"/>
        <Property Name="modifiedBy" Type="Edm.String" MaxLength="255"/>
        <NavigationProperty Name="project_id" Type="ProjectService.Project" Partner="_DailyClosing">
          <ReferentialConstraint Property="project_id_ID" ReferencedProperty="ID"/>
        </NavigationProperty>
        <Property Name="project_id_ID" Type="Edm.Guid"/>
        <Property Name="closing_date" Type="Edm.Date"/>
        <Property Name="status" Type="Edm.String" MaxLength="20" DefaultValue="draft"/>
        <Property Name="completed_tasks" Type="Edm.String" MaxLength="2000"/>
        <Property Name="in_progress_tasks" Type="Edm.String" MaxLength="2000"/>
        <Property Name="next_day_plan" Type="Edm.String" MaxLength="2000"/>
        <Property Name="issues" Type="Edm.String" MaxLength="2000"/>
        <Property Name="notes" Type="Edm.String" MaxLength="2000"/>
        <Property Name="worked_hours" Type="Edm.Decimal" Precision="5" Scale="2"/>
        <Property Name="overtime_hours" Type="Edm.Decimal" Precision="5" Scale="2"/>
        <Property Name="submitter_id" Type="Edm.String" MaxLength="80"/>
        <Property Name="approver_id" Type="Edm.String" MaxLength="80"/>
        <Property Name="approved_at" Type="Edm.DateTimeOffset" Precision="7"/>
        <Property Name="completion_rate" Type="Edm.Decimal" Precision="5" Scale="2"/>
      </EntityType>
      <EntityType Name="MonthlyClosing">
        <Key>
          <PropertyRef Name="ID"/>
        </Key>
        <Property Name="ID" Type="Edm.Guid" Nullable="false"/>
        <Property Name="createdAt" Type="Edm.DateTimeOffset" Precision="7"/>
        <Property Name="createdBy" Type="Edm.String" MaxLength="255"/>
        <Property Name="modifiedAt" Type="Edm.DateTimeOffset" Precision="7"/>
        <Property Name="modifiedBy" Type="Edm.String" MaxLength="255"/>
        <NavigationProperty Name="project_id" Type="ProjectService.Project" Partner="_MonthlyClosing">
          <ReferentialConstraint Property="project_id_ID" ReferencedProperty="ID"/>
        </NavigationProperty>
        <Property Name="project_id_ID" Type="Edm.Guid"/>
        <Property Name="closing_year" Type="Edm.Int32"/>
        <Property Name="closing_month" Type="Edm.Int32"/>
        <Property Name="status" Type="Edm.String" MaxLength="20" DefaultValue="draft"/>
        <Property Name="summary" Type="Edm.String" MaxLength="4000"/>
        <Property Name="achievements" Type="Edm.String" MaxLength="2000"/>
        <Property Name="challenges" Type="Edm.String" MaxLength="2000"/>
        <Property Name="next_month_plan" Type="Edm.String" MaxLength="2000"/>
        <Property Name="total_tasks" Type="Edm.Int32"/>
        <Property Name="completed_tasks" Type="Edm.Int32"/>
        <Property Name="in_progress_tasks" Type="Edm.Int32"/>
        <Property Name="total_worked_hours" Type="Edm.Decimal" Precision="10" Scale="2"/>
        <Property Name="total_overtime_hours" Type="Edm.Decimal" Precision="10" Scale="2"/>
        <Property Name="completion_rate" Type="Edm.Decimal" Precision="5" Scale="2"/>
        <Property Name="submitter_id" Type="Edm.String" MaxLength="80"/>
        <Property Name="approver_id" Type="Edm.String" MaxLength="80"/>
        <Property Name="approved_at" Type="Edm.DateTimeOffset" Precision="7"/>
      </EntityType>
      <EntityType Name="Effort">
        <Key>
          <PropertyRef Name="ID"/>
        </Key>
        <Property Name="ID" Type="Edm.Guid" Nullable="false"/>
        <Property Name="createdAt" Type="Edm.DateTimeOffset" Precision="7"/>
        <Property Name="createdBy" Type="Edm.String" MaxLength="255"/>
        <Property Name="modifiedAt" Type="Edm.DateTimeOffset" Precision="7"/>
        <Property Name="modifiedBy" Type="Edm.String" MaxLength="255"/>
        <NavigationProperty Name="project_id" Type="ProjectService.Project" Partner="_Effort">
          <ReferentialConstraint Property="project_id_ID" ReferencedProperty="ID"/>
        </NavigationProperty>
        <Property Name="project_id_ID" Type="Edm.Guid"/>
        <NavigationProperty Name="task_id" Type="ProjectService.Task" Partner="_Effort">
          <ReferentialConstraint Property="task_id_ID" ReferencedProperty="ID"/>
        </NavigationProperty>
        <Property Name="task_id_ID" Type="Edm.Guid"/>
        <Property Name="user_id" Type="Edm.String" MaxLength="80"/>
        <Property Name="effort_date" Type="Edm.Date"/>
        <Property Name="effort_type" Type="Edm.String" MaxLength="20" DefaultValue="actual"/>
        <Property Name="hours" Type="Edm.Decimal" Precision="5" Scale="2"/>
        <Property Name="description" Type="Edm.String" MaxLength="1000"/>
        <Property Name="project_phase" Type="Edm.String" MaxLength="20"/>
        <Property Name="work_category" Type="Edm.String" MaxLength="100"/>
      </EntityType>
      <EntityType Name="WorkStatus">
        <Key>
          <PropertyRef Name="ID"/>
        </Key>
        <Property Name="ID" Type="Edm.Guid" Nullable="false"/>
        <Property Name="createdAt" Type="Edm.DateTimeOffset" Precision="7"/>
        <Property Name="createdBy" Type="Edm.String" MaxLength="255"/>
        <Property Name="modifiedAt" Type="Edm.DateTimeOffset" Precision="7"/>
        <Property Name="modifiedBy" Type="Edm.String" MaxLength="255"/>
        <NavigationProperty Name="project_id" Type="ProjectService.Project" Partner="_WorkStatus">
          <ReferentialConstraint Property="project_id_ID" ReferencedProperty="ID"/>
        </NavigationProperty>
        <Property Name="project_id_ID" Type="Edm.Guid"/>
        <Property Name="status_date" Type="Edm.Date"/>
        <Property Name="status_type" Type="Edm.String" MaxLength="20" DefaultValue="on_track"/>
        <Property Name="total_tasks" Type="Edm.Int32" DefaultValue="0"/>
        <Property Name="completed_tasks" Type="Edm.Int32" DefaultValue="0"/>
        <Property Name="in_progress_tasks" Type="Edm.Int32" DefaultValue="0"/>
        <Property Name="blocked_tasks" Type="Edm.Int32" DefaultValue="0"/>
        <Property Name="planned_hours" Type="Edm.Decimal" Precision="10" Scale="2" DefaultValue="0"/>
        <Property Name="actual_hours" Type="Edm.Decimal" Precision="10" Scale="2" DefaultValue="0"/>
        <Property Name="remaining_hours" Type="Edm.Decimal" Precision="10" Scale="2" DefaultValue="0"/>
        <Property Name="progress_rate" Type="Edm.Decimal" Precision="5" Scale="2" DefaultValue="0"/>
        <Property Name="completion_rate" Type="Edm.Decimal" Precision="5" Scale="2" DefaultValue="0"/>
        <Property Name="issues" Type="Edm.String" MaxLength="2000"/>
        <Property Name="risks" Type="Edm.String" MaxLength="2000"/>
        <Property Name="blockers" Type="Edm.String" MaxLength="2000"/>
        <Property Name="reporter_id" Type="Edm.String" MaxLength="80"/>
        <Property Name="note" Type="Edm.String" MaxLength="2000"/>
      </EntityType>
      <EntityType Name="ProjectRoleCode">
        <Key>
          <PropertyRef Name="item_code"/>
        </Key>
        <Property Name="createdAt" Type="Edm.DateTimeOffset" Precision="7"/>
        <Property Name="createdBy" Type="Edm.String" MaxLength="255"/>
        <Property Name="modifiedAt" Type="Edm.DateTimeOffset" Precision="7"/>
        <Property Name="modifiedBy" Type="Edm.String" MaxLength="255"/>
        <Property Name="item_code" Type="Edm.String" MaxLength="40" Nullable="false"/>
        <Property Name="group_code" Type="Edm.String" MaxLength="40"/>
        <Property Name="name" Type="Edm.String" MaxLength="120"/>
        <Property Name="description" Type="Edm.String" MaxLength="500"/>
        <Property Name="active" Type="Edm.Boolean" DefaultValue="true"/>
        <Property Name="sortorder" Type="Edm.Int32" DefaultValue="0"/>
      </EntityType>
      <ComplexType Name="ProjectCreateInput">
        <Property Name="project_code" Type="Edm.String" MaxLength="4"/>
        <Property Name="name" Type="Edm.String" MaxLength="200"/>
        <Property Name="status" Type="Edm.String" MaxLength="20"/>
        <Property Name="phase" Type="Edm.String" MaxLength="20"/>
        <Property Name="priority" Type="Edm.String" MaxLength="10"/>
        <Property Name="health" Type="Edm.String" MaxLength="10"/>
        <Property Name="pm" Type="Edm.String" MaxLength="80"/>
        <Property Name="lead" Type="Edm.String" MaxLength="80"/>
        <Property Name="note" Type="Edm.String" MaxLength="2000"/>
      </ComplexType>
      <ComplexType Name="ProjectMemberInput">
        <Property Name="user" Type="Edm.String" MaxLength="80"/>
        <Property Name="is_active" Type="Edm.Boolean"/>
        <Property Name="project_role" Type="Edm.String" MaxLength="40"/>
      </ComplexType>
      <ComplexType Name="ProjectScheduleInput">
        <Property Name="start_date" Type="Edm.Date"/>
        <Property Name="start_time" Type="Edm.TimeOfDay"/>
        <Property Name="end_date" Type="Edm.Date"/>
        <Property Name="end_time" Type="Edm.TimeOfDay"/>
        <Property Name="type" Type="Edm.String" MaxLength="20"/>
        <Property Name="title" Type="Edm.String" MaxLength="200"/>
        <Property Name="description" Type="Edm.String" MaxLength="1000"/>
        <Property Name="status" Type="Edm.String" MaxLength="20"/>
        <Property Name="is_critical" Type="Edm.Boolean"/>
      </ComplexType>
      <ComplexType Name="ProjectNoticeInput">
        <Property Name="project_id_ID" Type="Edm.Guid"/>
        <Property Name="level" Type="Edm.String" MaxLength="10"/>
        <Property Name="title" Type="Edm.String" MaxLength="200"/>
        <Property Name="content" Type="Edm.String" MaxLength="4000"/>
        <Property Name="pinned" Type="Edm.Boolean"/>
        <Property Name="valid_from" Type="Edm.Date"/>
        <Property Name="valid_to" Type="Edm.Date"/>
      </ComplexType>
      <Action Name="CreateProjectFull" IsBound="false">
        <Parameter Name="projectData" Type="ProjectService.ProjectCreateInput"/>
        <Parameter Name="members" Type="Collection(ProjectService.ProjectMemberInput)" Nullable="true"/>
        <Parameter Name="schedules" Type="Collection(ProjectService.ProjectScheduleInput)" Nullable="true"/>
        <ReturnType Type="ProjectService.Project"/>
      </Action>
      <Action Name="CreateProjectNoticeFull" IsBound="false">
        <Parameter Name="notice" Type="ProjectService.ProjectNoticeInput"/>
        <Parameter Name="recipientIds" Type="Collection(Edm.String)" MaxLength="80" Nullable="true"/>
        <ReturnType Type="Edm.Guid"/>
      </Action>
      <Action Name="UpdateProjectNoticeFull" IsBound="false">
        <Parameter Name="ID" Type="Edm.Guid"/>
        <Parameter Name="notice" Type="ProjectService.ProjectNoticeInput"/>
        <Parameter Name="recipientIds" Type="Collection(Edm.String)" MaxLength="80" Nullable="true"/>
        <Parameter Name="sendNotification" Type="Edm.Boolean"/>
        <ReturnType Type="Edm.Guid"/>
      </Action>
      <Annotations Target="ProjectService.Project/ID">
        <Annotation Term="Core.ComputedDefaultValue" Bool="true"/>
      </Annotations>
      <Annotations Target="ProjectService.Project/createdAt">
        <Annotation Term="UI.HiddenFilter" Bool="true"/>
        <Annotation Term="UI.ExcludeFromNavigationContext" Bool="true"/>
        <Annotation Term="Core.Immutable" Bool="true"/>
        <Annotation Term="Core.Computed" Bool="true"/>
        <Annotation Term="Common.Label" String="{i18n>CreatedAt}"/>
      </Annotations>
      <Annotations Target="ProjectService.Project/createdBy">
        <Annotation Term="UI.HiddenFilter" Bool="true"/>
        <Annotation Term="UI.ExcludeFromNavigationContext" Bool="true"/>
        <Annotation Term="Core.Immutable" Bool="true"/>
        <Annotation Term="Core.Computed" Bool="true"/>
        <Annotation Term="Core.Description" String="{i18n>UserID.Description}"/>
        <Annotation Term="Common.Label" String="{i18n>CreatedBy}"/>
      </Annotations>
      <Annotations Target="ProjectService.Project/modifiedAt">
        <Annotation Term="UI.HiddenFilter" Bool="true"/>
        <Annotation Term="UI.ExcludeFromNavigationContext" Bool="true"/>
        <Annotation Term="Core.Computed" Bool="true"/>
        <Annotation Term="Common.Label" String="{i18n>ChangedAt}"/>
      </Annotations>
      <Annotations Target="ProjectService.Project/modifiedBy">
        <Annotation Term="UI.HiddenFilter" Bool="true"/>
        <Annotation Term="UI.ExcludeFromNavigationContext" Bool="true"/>
        <Annotation Term="Core.Computed" Bool="true"/>
        <Annotation Term="Core.Description" String="{i18n>UserID.Description}"/>
        <Annotation Term="Common.Label" String="{i18n>ChangedBy}"/>
      </Annotations>
      <Annotations Target="ProjectService.Project/status">
        <Annotation Term="Validation.AllowedValues">
          <Collection>
            <Record Type="Validation.AllowedValue">
              <Annotation Term="Core.SymbolicName" String="planned"/>
              <PropertyValue Property="Value" String="planned"/>
            </Record>
            <Record Type="Validation.AllowedValue">
              <Annotation Term="Core.SymbolicName" String="in_progress"/>
              <PropertyValue Property="Value" String="in_progress"/>
            </Record>
            <Record Type="Validation.AllowedValue">
              <Annotation Term="Core.SymbolicName" String="testing"/>
              <PropertyValue Property="Value" String="testing"/>
            </Record>
            <Record Type="Validation.AllowedValue">
              <Annotation Term="Core.SymbolicName" String="stabilization"/>
              <PropertyValue Property="Value" String="stabilization"/>
            </Record>
            <Record Type="Validation.AllowedValue">
              <Annotation Term="Core.SymbolicName" String="completed"/>
              <PropertyValue Property="Value" String="completed"/>
            </Record>
            <Record Type="Validation.AllowedValue">
              <Annotation Term="Core.SymbolicName" String="on_hold"/>
              <PropertyValue Property="Value" String="on_hold"/>
            </Record>
            <Record Type="Validation.AllowedValue">
              <Annotation Term="Core.SymbolicName" String="cancelled"/>
              <PropertyValue Property="Value" String="cancelled"/>
            </Record>
          </Collection>
        </Annotation>
      </Annotations>
      <Annotations Target="ProjectService.Project/phase">
        <Annotation Term="Validation.AllowedValues">
          <Collection>
            <Record Type="Validation.AllowedValue">
              <Annotation Term="Core.SymbolicName" String="discover"/>
              <PropertyValue Property="Value" String="discover"/>
            </Record>
            <Record Type="Validation.AllowedValue">
              <Annotation Term="Core.SymbolicName" String="prepare"/>
              <PropertyValue Property="Value" String="prepare"/>
            </Record>
            <Record Type="Validation.AllowedValue">
              <Annotation Term="Core.SymbolicName" String="explore"/>
              <PropertyValue Property="Value" String="explore"/>
            </Record>
            <Record Type="Validation.AllowedValue">
              <Annotation Term="Core.SymbolicName" String="realize"/>
              <PropertyValue Property="Value" String="realize"/>
            </Record>
            <Record Type="Validation.AllowedValue">
              <Annotation Term="Core.SymbolicName" String="deploy"/>
              <PropertyValue Property="Value" String="deploy"/>
            </Record>
            <Record Type="Validation.AllowedValue">
              <Annotation Term="Core.SymbolicName" String="run"/>
              <PropertyValue Property="Value" String="run"/>
            </Record>
          </Collection>
        </Annotation>
      </Annotations>
      <Annotations Target="ProjectService.Project/priority">
        <Annotation Term="Validation.AllowedValues">
          <Collection>
            <Record Type="Validation.AllowedValue">
              <Annotation Term="Core.SymbolicName" String="low"/>
              <PropertyValue Property="Value" String="low"/>
            </Record>
            <Record Type="Validation.AllowedValue">
              <Annotation Term="Core.SymbolicName" String="medium"/>
              <PropertyValue Property="Value" String="medium"/>
            </Record>
            <Record Type="Validation.AllowedValue">
              <Annotation Term="Core.SymbolicName" String="high"/>
              <PropertyValue Property="Value" String="high"/>
            </Record>
            <Record Type="Validation.AllowedValue">
              <Annotation Term="Core.SymbolicName" String="critical"/>
              <PropertyValue Property="Value" String="critical"/>
            </Record>
          </Collection>
        </Annotation>
      </Annotations>
      <Annotations Target="ProjectService.Project/health">
        <Annotation Term="Validation.AllowedValues">
          <Collection>
            <Record Type="Validation.AllowedValue">
              <Annotation Term="Core.SymbolicName" String="green"/>
              <PropertyValue Property="Value" String="green"/>
            </Record>
            <Record Type="Validation.AllowedValue">
              <Annotation Term="Core.SymbolicName" String="amber"/>
              <PropertyValue Property="Value" String="amber"/>
            </Record>
            <Record Type="Validation.AllowedValue">
              <Annotation Term="Core.SymbolicName" String="red"/>
              <PropertyValue Property="Value" String="red"/>
            </Record>
          </Collection>
        </Annotation>
      </Annotations>
      <Annotations Target="ProjectService.ProjectMember/ID">
        <Annotation Term="Core.ComputedDefaultValue" Bool="true"/>
      </Annotations>
      <Annotations Target="ProjectService.ProjectMember/createdAt">
        <Annotation Term="UI.HiddenFilter" Bool="true"/>
        <Annotation Term="UI.ExcludeFromNavigationContext" Bool="true"/>
        <Annotation Term="Core.Immutable" Bool="true"/>
        <Annotation Term="Core.Computed" Bool="true"/>
        <Annotation Term="Common.Label" String="{i18n>CreatedAt}"/>
      </Annotations>
      <Annotations Target="ProjectService.ProjectMember/createdBy">
        <Annotation Term="UI.HiddenFilter" Bool="true"/>
        <Annotation Term="UI.ExcludeFromNavigationContext" Bool="true"/>
        <Annotation Term="Core.Immutable" Bool="true"/>
        <Annotation Term="Core.Computed" Bool="true"/>
        <Annotation Term="Core.Description" String="{i18n>UserID.Description}"/>
        <Annotation Term="Common.Label" String="{i18n>CreatedBy}"/>
      </Annotations>
      <Annotations Target="ProjectService.ProjectMember/modifiedAt">
        <Annotation Term="UI.HiddenFilter" Bool="true"/>
        <Annotation Term="UI.ExcludeFromNavigationContext" Bool="true"/>
        <Annotation Term="Core.Computed" Bool="true"/>
        <Annotation Term="Common.Label" String="{i18n>ChangedAt}"/>
      </Annotations>
      <Annotations Target="ProjectService.ProjectMember/modifiedBy">
        <Annotation Term="UI.HiddenFilter" Bool="true"/>
        <Annotation Term="UI.ExcludeFromNavigationContext" Bool="true"/>
        <Annotation Term="Core.Computed" Bool="true"/>
        <Annotation Term="Core.Description" String="{i18n>UserID.Description}"/>
        <Annotation Term="Common.Label" String="{i18n>ChangedBy}"/>
      </Annotations>
      <Annotations Target="ProjectService.ProjectSchedule/ID">
        <Annotation Term="Core.ComputedDefaultValue" Bool="true"/>
      </Annotations>
      <Annotations Target="ProjectService.ProjectSchedule/createdAt">
        <Annotation Term="UI.HiddenFilter" Bool="true"/>
        <Annotation Term="UI.ExcludeFromNavigationContext" Bool="true"/>
        <Annotation Term="Core.Immutable" Bool="true"/>
        <Annotation Term="Core.Computed" Bool="true"/>
        <Annotation Term="Common.Label" String="{i18n>CreatedAt}"/>
      </Annotations>
      <Annotations Target="ProjectService.ProjectSchedule/createdBy">
        <Annotation Term="UI.HiddenFilter" Bool="true"/>
        <Annotation Term="UI.ExcludeFromNavigationContext" Bool="true"/>
        <Annotation Term="Core.Immutable" Bool="true"/>
        <Annotation Term="Core.Computed" Bool="true"/>
        <Annotation Term="Core.Description" String="{i18n>UserID.Description}"/>
        <Annotation Term="Common.Label" String="{i18n>CreatedBy}"/>
      </Annotations>
      <Annotations Target="ProjectService.ProjectSchedule/modifiedAt">
        <Annotation Term="UI.HiddenFilter" Bool="true"/>
        <Annotation Term="UI.ExcludeFromNavigationContext" Bool="true"/>
        <Annotation Term="Core.Computed" Bool="true"/>
        <Annotation Term="Common.Label" String="{i18n>ChangedAt}"/>
      </Annotations>
      <Annotations Target="ProjectService.ProjectSchedule/modifiedBy">
        <Annotation Term="UI.HiddenFilter" Bool="true"/>
        <Annotation Term="UI.ExcludeFromNavigationContext" Bool="true"/>
        <Annotation Term="Core.Computed" Bool="true"/>
        <Annotation Term="Core.Description" String="{i18n>UserID.Description}"/>
        <Annotation Term="Common.Label" String="{i18n>ChangedBy}"/>
      </Annotations>
      <Annotations Target="ProjectService.ProjectSchedule/type">
        <Annotation Term="Validation.AllowedValues">
          <Collection>
            <Record Type="Validation.AllowedValue">
              <Annotation Term="Core.SymbolicName" String="milestone"/>
              <PropertyValue Property="Value" String="milestone"/>
            </Record>
            <Record Type="Validation.AllowedValue">
              <Annotation Term="Core.SymbolicName" String="meeting"/>
              <PropertyValue Property="Value" String="meeting"/>
            </Record>
            <Record Type="Validation.AllowedValue">
              <Annotation Term="Core.SymbolicName" String="deployment"/>
              <PropertyValue Property="Value" String="deployment"/>
            </Record>
            <Record Type="Validation.AllowedValue">
              <Annotation Term="Core.SymbolicName" String="workshop"/>
              <PropertyValue Property="Value" String="workshop"/>
            </Record>
            <Record Type="Validation.AllowedValue">
              <Annotation Term="Core.SymbolicName" String="freeze"/>
              <PropertyValue Property="Value" String="freeze"/>
            </Record>
            <Record Type="Validation.AllowedValue">
              <Annotation Term="Core.SymbolicName" String="daily"/>
              <PropertyValue Property="Value" String="daily"/>
            </Record>
            <Record Type="Validation.AllowedValue">
              <Annotation Term="Core.SymbolicName" String="monthly"/>
              <PropertyValue Property="Value" String="monthly"/>
            </Record>
            <Record Type="Validation.AllowedValue">
              <Annotation Term="Core.SymbolicName" String="other"/>
              <PropertyValue Property="Value" String="other"/>
            </Record>
          </Collection>
        </Annotation>
      </Annotations>
      <Annotations Target="ProjectService.ProjectSchedule/status">
        <Annotation Term="Validation.AllowedValues">
          <Collection>
            <Record Type="Validation.AllowedValue">
              <Annotation Term="Core.SymbolicName" String="planned"/>
              <PropertyValue Property="Value" String="planned"/>
            </Record>
            <Record Type="Validation.AllowedValue">
              <Annotation Term="Core.SymbolicName" String="confirmed"/>
              <PropertyValue Property="Value" String="confirmed"/>
            </Record>
            <Record Type="Validation.AllowedValue">
              <Annotation Term="Core.SymbolicName" String="done"/>
              <PropertyValue Property="Value" String="done"/>
            </Record>
            <Record Type="Validation.AllowedValue">
              <Annotation Term="Core.SymbolicName" String="cancelled"/>
              <PropertyValue Property="Value" String="cancelled"/>
            </Record>
          </Collection>
        </Annotation>
      </Annotations>
      <Annotations Target="ProjectService.ProjectNotice/ID">
        <Annotation Term="Core.ComputedDefaultValue" Bool="true"/>
      </Annotations>
      <Annotations Target="ProjectService.ProjectNotice/createdAt">
        <Annotation Term="UI.HiddenFilter" Bool="true"/>
        <Annotation Term="UI.ExcludeFromNavigationContext" Bool="true"/>
        <Annotation Term="Core.Immutable" Bool="true"/>
        <Annotation Term="Core.Computed" Bool="true"/>
        <Annotation Term="Common.Label" String="{i18n>CreatedAt}"/>
      </Annotations>
      <Annotations Target="ProjectService.ProjectNotice/createdBy">
        <Annotation Term="UI.HiddenFilter" Bool="true"/>
        <Annotation Term="UI.ExcludeFromNavigationContext" Bool="true"/>
        <Annotation Term="Core.Immutable" Bool="true"/>
        <Annotation Term="Core.Computed" Bool="true"/>
        <Annotation Term="Core.Description" String="{i18n>UserID.Description}"/>
        <Annotation Term="Common.Label" String="{i18n>CreatedBy}"/>
      </Annotations>
      <Annotations Target="ProjectService.ProjectNotice/modifiedAt">
        <Annotation Term="UI.HiddenFilter" Bool="true"/>
        <Annotation Term="UI.ExcludeFromNavigationContext" Bool="true"/>
        <Annotation Term="Core.Computed" Bool="true"/>
        <Annotation Term="Common.Label" String="{i18n>ChangedAt}"/>
      </Annotations>
      <Annotations Target="ProjectService.ProjectNotice/modifiedBy">
        <Annotation Term="UI.HiddenFilter" Bool="true"/>
        <Annotation Term="UI.ExcludeFromNavigationContext" Bool="true"/>
        <Annotation Term="Core.Computed" Bool="true"/>
        <Annotation Term="Core.Description" String="{i18n>UserID.Description}"/>
        <Annotation Term="Common.Label" String="{i18n>ChangedBy}"/>
      </Annotations>
      <Annotations Target="ProjectService.ProjectNotice/level">
        <Annotation Term="Validation.AllowedValues">
          <Collection>
            <Record Type="Validation.AllowedValue">
              <Annotation Term="Core.SymbolicName" String="info"/>
              <PropertyValue Property="Value" String="info"/>
            </Record>
            <Record Type="Validation.AllowedValue">
              <Annotation Term="Core.SymbolicName" String="warning"/>
              <PropertyValue Property="Value" String="warning"/>
            </Record>
            <Record Type="Validation.AllowedValue">
              <Annotation Term="Core.SymbolicName" String="critical"/>
              <PropertyValue Property="Value" String="critical"/>
            </Record>
          </Collection>
        </Annotation>
      </Annotations>
      <Annotations Target="ProjectService.ProjectNoticeRecipient/ID">
        <Annotation Term="Core.ComputedDefaultValue" Bool="true"/>
      </Annotations>
      <Annotations Target="ProjectService.ProjectNoticeRecipient/createdAt">
        <Annotation Term="UI.HiddenFilter" Bool="true"/>
        <Annotation Term="UI.ExcludeFromNavigationContext" Bool="true"/>
        <Annotation Term="Core.Immutable" Bool="true"/>
        <Annotation Term="Core.Computed" Bool="true"/>
        <Annotation Term="Common.Label" String="{i18n>CreatedAt}"/>
      </Annotations>
      <Annotations Target="ProjectService.ProjectNoticeRecipient/createdBy">
        <Annotation Term="UI.HiddenFilter" Bool="true"/>
        <Annotation Term="UI.ExcludeFromNavigationContext" Bool="true"/>
        <Annotation Term="Core.Immutable" Bool="true"/>
        <Annotation Term="Core.Computed" Bool="true"/>
        <Annotation Term="Core.Description" String="{i18n>UserID.Description}"/>
        <Annotation Term="Common.Label" String="{i18n>CreatedBy}"/>
      </Annotations>
      <Annotations Target="ProjectService.ProjectNoticeRecipient/modifiedAt">
        <Annotation Term="UI.HiddenFilter" Bool="true"/>
        <Annotation Term="UI.ExcludeFromNavigationContext" Bool="true"/>
        <Annotation Term="Core.Computed" Bool="true"/>
        <Annotation Term="Common.Label" String="{i18n>ChangedAt}"/>
      </Annotations>
      <Annotations Target="ProjectService.ProjectNoticeRecipient/modifiedBy">
        <Annotation Term="UI.HiddenFilter" Bool="true"/>
        <Annotation Term="UI.ExcludeFromNavigationContext" Bool="true"/>
        <Annotation Term="Core.Computed" Bool="true"/>
        <Annotation Term="Core.Description" String="{i18n>UserID.Description}"/>
        <Annotation Term="Common.Label" String="{i18n>ChangedBy}"/>
      </Annotations>
      <Annotations Target="ProjectService.ProjectDocument/ID">
        <Annotation Term="Core.ComputedDefaultValue" Bool="true"/>
      </Annotations>
      <Annotations Target="ProjectService.ProjectDocument/createdAt">
        <Annotation Term="UI.HiddenFilter" Bool="true"/>
        <Annotation Term="UI.ExcludeFromNavigationContext" Bool="true"/>
        <Annotation Term="Core.Immutable" Bool="true"/>
        <Annotation Term="Core.Computed" Bool="true"/>
        <Annotation Term="Common.Label" String="{i18n>CreatedAt}"/>
      </Annotations>
      <Annotations Target="ProjectService.ProjectDocument/createdBy">
        <Annotation Term="UI.HiddenFilter" Bool="true"/>
        <Annotation Term="UI.ExcludeFromNavigationContext" Bool="true"/>
        <Annotation Term="Core.Immutable" Bool="true"/>
        <Annotation Term="Core.Computed" Bool="true"/>
        <Annotation Term="Core.Description" String="{i18n>UserID.Description}"/>
        <Annotation Term="Common.Label" String="{i18n>CreatedBy}"/>
      </Annotations>
      <Annotations Target="ProjectService.ProjectDocument/modifiedAt">
        <Annotation Term="UI.HiddenFilter" Bool="true"/>
        <Annotation Term="UI.ExcludeFromNavigationContext" Bool="true"/>
        <Annotation Term="Core.Computed" Bool="true"/>
        <Annotation Term="Common.Label" String="{i18n>ChangedAt}"/>
      </Annotations>
      <Annotations Target="ProjectService.ProjectDocument/modifiedBy">
        <Annotation Term="UI.HiddenFilter" Bool="true"/>
        <Annotation Term="UI.ExcludeFromNavigationContext" Bool="true"/>
        <Annotation Term="Core.Computed" Bool="true"/>
        <Annotation Term="Core.Description" String="{i18n>UserID.Description}"/>
        <Annotation Term="Common.Label" String="{i18n>ChangedBy}"/>
      </Annotations>
      <Annotations Target="ProjectService.ProjectDocument/doc_type">
        <Annotation Term="Validation.AllowedValues">
          <Collection>
            <Record Type="Validation.AllowedValue">
              <Annotation Term="Core.SymbolicName" String="arch"/>
              <PropertyValue Property="Value" String="arch"/>
            </Record>
            <Record Type="Validation.AllowedValue">
              <Annotation Term="Core.SymbolicName" String="interface_list"/>
              <PropertyValue Property="Value" String="interface_list"/>
            </Record>
            <Record Type="Validation.AllowedValue">
              <Annotation Term="Core.SymbolicName" String="process_overview"/>
              <PropertyValue Property="Value" String="process_overview"/>
            </Record>
            <Record Type="Validation.AllowedValue">
              <Annotation Term="Core.SymbolicName" String="guideline"/>
              <PropertyValue Property="Value" String="guideline"/>
            </Record>
            <Record Type="Validation.AllowedValue">
              <Annotation Term="Core.SymbolicName" String="meeting_minutes"/>
              <PropertyValue Property="Value" String="meeting_minutes"/>
            </Record>
            <Record Type="Validation.AllowedValue">
              <Annotation Term="Core.SymbolicName" String="artifact"/>
              <PropertyValue Property="Value" String="artifact"/>
            </Record>
            <Record Type="Validation.AllowedValue">
              <Annotation Term="Core.SymbolicName" String="other"/>
              <PropertyValue Property="Value" String="other"/>
            </Record>
          </Collection>
        </Annotation>
      </Annotations>
      <Annotations Target="ProjectService.ProjectDocument/status">
        <Annotation Term="Validation.AllowedValues">
          <Collection>
            <Record Type="Validation.AllowedValue">
              <Annotation Term="Core.SymbolicName" String="draft"/>
              <PropertyValue Property="Value" String="draft"/>
            </Record>
            <Record Type="Validation.AllowedValue">
              <Annotation Term="Core.SymbolicName" String="published"/>
              <PropertyValue Property="Value" String="published"/>
            </Record>
            <Record Type="Validation.AllowedValue">
              <Annotation Term="Core.SymbolicName" String="archived"/>
              <PropertyValue Property="Value" String="archived"/>
            </Record>
          </Collection>
        </Annotation>
      </Annotations>
      <Annotations Target="ProjectService.ProjectListView/ID">
        <Annotation Term="Core.ComputedDefaultValue" Bool="true"/>
      </Annotations>
      <Annotations Target="ProjectService.ProjectListView/status">
        <Annotation Term="Validation.AllowedValues">
          <Collection>
            <Record Type="Validation.AllowedValue">
              <Annotation Term="Core.SymbolicName" String="planned"/>
              <PropertyValue Property="Value" String="planned"/>
            </Record>
            <Record Type="Validation.AllowedValue">
              <Annotation Term="Core.SymbolicName" String="in_progress"/>
              <PropertyValue Property="Value" String="in_progress"/>
            </Record>
            <Record Type="Validation.AllowedValue">
              <Annotation Term="Core.SymbolicName" String="testing"/>
              <PropertyValue Property="Value" String="testing"/>
            </Record>
            <Record Type="Validation.AllowedValue">
              <Annotation Term="Core.SymbolicName" String="stabilization"/>
              <PropertyValue Property="Value" String="stabilization"/>
            </Record>
            <Record Type="Validation.AllowedValue">
              <Annotation Term="Core.SymbolicName" String="completed"/>
              <PropertyValue Property="Value" String="completed"/>
            </Record>
            <Record Type="Validation.AllowedValue">
              <Annotation Term="Core.SymbolicName" String="on_hold"/>
              <PropertyValue Property="Value" String="on_hold"/>
            </Record>
            <Record Type="Validation.AllowedValue">
              <Annotation Term="Core.SymbolicName" String="cancelled"/>
              <PropertyValue Property="Value" String="cancelled"/>
            </Record>
          </Collection>
        </Annotation>
      </Annotations>
      <Annotations Target="ProjectService.ProjectListView/phase">
        <Annotation Term="Validation.AllowedValues">
          <Collection>
            <Record Type="Validation.AllowedValue">
              <Annotation Term="Core.SymbolicName" String="discover"/>
              <PropertyValue Property="Value" String="discover"/>
            </Record>
            <Record Type="Validation.AllowedValue">
              <Annotation Term="Core.SymbolicName" String="prepare"/>
              <PropertyValue Property="Value" String="prepare"/>
            </Record>
            <Record Type="Validation.AllowedValue">
              <Annotation Term="Core.SymbolicName" String="explore"/>
              <PropertyValue Property="Value" String="explore"/>
            </Record>
            <Record Type="Validation.AllowedValue">
              <Annotation Term="Core.SymbolicName" String="realize"/>
              <PropertyValue Property="Value" String="realize"/>
            </Record>
            <Record Type="Validation.AllowedValue">
              <Annotation Term="Core.SymbolicName" String="deploy"/>
              <PropertyValue Property="Value" String="deploy"/>
            </Record>
            <Record Type="Validation.AllowedValue">
              <Annotation Term="Core.SymbolicName" String="run"/>
              <PropertyValue Property="Value" String="run"/>
            </Record>
          </Collection>
        </Annotation>
      </Annotations>
      <Annotations Target="ProjectService.ProjectListView/priority">
        <Annotation Term="Validation.AllowedValues">
          <Collection>
            <Record Type="Validation.AllowedValue">
              <Annotation Term="Core.SymbolicName" String="low"/>
              <PropertyValue Property="Value" String="low"/>
            </Record>
            <Record Type="Validation.AllowedValue">
              <Annotation Term="Core.SymbolicName" String="medium"/>
              <PropertyValue Property="Value" String="medium"/>
            </Record>
            <Record Type="Validation.AllowedValue">
              <Annotation Term="Core.SymbolicName" String="high"/>
              <PropertyValue Property="Value" String="high"/>
            </Record>
            <Record Type="Validation.AllowedValue">
              <Annotation Term="Core.SymbolicName" String="critical"/>
              <PropertyValue Property="Value" String="critical"/>
            </Record>
          </Collection>
        </Annotation>
      </Annotations>
      <Annotations Target="ProjectService.ProjectListView/health">
        <Annotation Term="Validation.AllowedValues">
          <Collection>
            <Record Type="Validation.AllowedValue">
              <Annotation Term="Core.SymbolicName" String="green"/>
              <PropertyValue Property="Value" String="green"/>
            </Record>
            <Record Type="Validation.AllowedValue">
              <Annotation Term="Core.SymbolicName" String="amber"/>
              <PropertyValue Property="Value" String="amber"/>
            </Record>
            <Record Type="Validation.AllowedValue">
              <Annotation Term="Core.SymbolicName" String="red"/>
              <PropertyValue Property="Value" String="red"/>
            </Record>
          </Collection>
        </Annotation>
      </Annotations>
      <Annotations Target="ProjectService.ProjectListView/createdAt">
        <Annotation Term="UI.HiddenFilter" Bool="true"/>
        <Annotation Term="UI.ExcludeFromNavigationContext" Bool="true"/>
        <Annotation Term="Core.Immutable" Bool="true"/>
        <Annotation Term="Core.Computed" Bool="true"/>
        <Annotation Term="Common.Label" String="{i18n>CreatedAt}"/>
      </Annotations>
      <Annotations Target="ProjectService.ProjectListView/createdBy">
        <Annotation Term="UI.HiddenFilter" Bool="true"/>
        <Annotation Term="UI.ExcludeFromNavigationContext" Bool="true"/>
        <Annotation Term="Core.Immutable" Bool="true"/>
        <Annotation Term="Core.Computed" Bool="true"/>
        <Annotation Term="Core.Description" String="{i18n>UserID.Description}"/>
        <Annotation Term="Common.Label" String="{i18n>CreatedBy}"/>
      </Annotations>
      <Annotations Target="ProjectService.ProjectListView/modifiedAt">
        <Annotation Term="UI.HiddenFilter" Bool="true"/>
        <Annotation Term="UI.ExcludeFromNavigationContext" Bool="true"/>
        <Annotation Term="Core.Computed" Bool="true"/>
        <Annotation Term="Common.Label" String="{i18n>ChangedAt}"/>
      </Annotations>
      <Annotations Target="ProjectService.ProjectListView/modifiedBy">
        <Annotation Term="UI.HiddenFilter" Bool="true"/>
        <Annotation Term="UI.ExcludeFromNavigationContext" Bool="true"/>
        <Annotation Term="Core.Computed" Bool="true"/>
        <Annotation Term="Core.Description" String="{i18n>UserID.Description}"/>
        <Annotation Term="Common.Label" String="{i18n>ChangedBy}"/>
      </Annotations>
      <Annotations Target="ProjectService.Task/ID">
        <Annotation Term="Core.ComputedDefaultValue" Bool="true"/>
      </Annotations>
      <Annotations Target="ProjectService.Task/createdAt">
        <Annotation Term="UI.HiddenFilter" Bool="true"/>
        <Annotation Term="UI.ExcludeFromNavigationContext" Bool="true"/>
        <Annotation Term="Core.Immutable" Bool="true"/>
        <Annotation Term="Core.Computed" Bool="true"/>
        <Annotation Term="Common.Label" String="{i18n>CreatedAt}"/>
      </Annotations>
      <Annotations Target="ProjectService.Task/createdBy">
        <Annotation Term="UI.HiddenFilter" Bool="true"/>
        <Annotation Term="UI.ExcludeFromNavigationContext" Bool="true"/>
        <Annotation Term="Core.Immutable" Bool="true"/>
        <Annotation Term="Core.Computed" Bool="true"/>
        <Annotation Term="Core.Description" String="{i18n>UserID.Description}"/>
        <Annotation Term="Common.Label" String="{i18n>CreatedBy}"/>
      </Annotations>
      <Annotations Target="ProjectService.Task/modifiedAt">
        <Annotation Term="UI.HiddenFilter" Bool="true"/>
        <Annotation Term="UI.ExcludeFromNavigationContext" Bool="true"/>
        <Annotation Term="Core.Computed" Bool="true"/>
        <Annotation Term="Common.Label" String="{i18n>ChangedAt}"/>
      </Annotations>
      <Annotations Target="ProjectService.Task/modifiedBy">
        <Annotation Term="UI.HiddenFilter" Bool="true"/>
        <Annotation Term="UI.ExcludeFromNavigationContext" Bool="true"/>
        <Annotation Term="Core.Computed" Bool="true"/>
        <Annotation Term="Core.Description" String="{i18n>UserID.Description}"/>
        <Annotation Term="Common.Label" String="{i18n>ChangedBy}"/>
      </Annotations>
      <Annotations Target="ProjectService.Task/status">
        <Annotation Term="Validation.AllowedValues">
          <Collection>
            <Record Type="Validation.AllowedValue">
              <Annotation Term="Core.SymbolicName" String="todo"/>
              <PropertyValue Property="Value" String="todo"/>
            </Record>
            <Record Type="Validation.AllowedValue">
              <Annotation Term="Core.SymbolicName" String="in_progress"/>
              <PropertyValue Property="Value" String="in_progress"/>
            </Record>
            <Record Type="Validation.AllowedValue">
              <Annotation Term="Core.SymbolicName" String="review"/>
              <PropertyValue Property="Value" String="review"/>
            </Record>
            <Record Type="Validation.AllowedValue">
              <Annotation Term="Core.SymbolicName" String="done"/>
              <PropertyValue Property="Value" String="done"/>
            </Record>
            <Record Type="Validation.AllowedValue">
              <Annotation Term="Core.SymbolicName" String="blocked"/>
              <PropertyValue Property="Value" String="blocked"/>
            </Record>
            <Record Type="Validation.AllowedValue">
              <Annotation Term="Core.SymbolicName" String="cancelled"/>
              <PropertyValue Property="Value" String="cancelled"/>
            </Record>
          </Collection>
        </Annotation>
      </Annotations>
      <Annotations Target="ProjectService.Task/priority">
        <Annotation Term="Validation.AllowedValues">
          <Collection>
            <Record Type="Validation.AllowedValue">
              <Annotation Term="Core.SymbolicName" String="low"/>
              <PropertyValue Property="Value" String="low"/>
            </Record>
            <Record Type="Validation.AllowedValue">
              <Annotation Term="Core.SymbolicName" String="medium"/>
              <PropertyValue Property="Value" String="medium"/>
            </Record>
            <Record Type="Validation.AllowedValue">
              <Annotation Term="Core.SymbolicName" String="high"/>
              <PropertyValue Property="Value" String="high"/>
            </Record>
            <Record Type="Validation.AllowedValue">
              <Annotation Term="Core.SymbolicName" String="critical"/>
              <PropertyValue Property="Value" String="critical"/>
            </Record>
          </Collection>
        </Annotation>
      </Annotations>
      <Annotations Target="ProjectService.DailyClosing/ID">
        <Annotation Term="Core.ComputedDefaultValue" Bool="true"/>
      </Annotations>
      <Annotations Target="ProjectService.DailyClosing/createdAt">
        <Annotation Term="UI.HiddenFilter" Bool="true"/>
        <Annotation Term="UI.ExcludeFromNavigationContext" Bool="true"/>
        <Annotation Term="Core.Immutable" Bool="true"/>
        <Annotation Term="Core.Computed" Bool="true"/>
        <Annotation Term="Common.Label" String="{i18n>CreatedAt}"/>
      </Annotations>
      <Annotations Target="ProjectService.DailyClosing/createdBy">
        <Annotation Term="UI.HiddenFilter" Bool="true"/>
        <Annotation Term="UI.ExcludeFromNavigationContext" Bool="true"/>
        <Annotation Term="Core.Immutable" Bool="true"/>
        <Annotation Term="Core.Computed" Bool="true"/>
        <Annotation Term="Core.Description" String="{i18n>UserID.Description}"/>
        <Annotation Term="Common.Label" String="{i18n>CreatedBy}"/>
      </Annotations>
      <Annotations Target="ProjectService.DailyClosing/modifiedAt">
        <Annotation Term="UI.HiddenFilter" Bool="true"/>
        <Annotation Term="UI.ExcludeFromNavigationContext" Bool="true"/>
        <Annotation Term="Core.Computed" Bool="true"/>
        <Annotation Term="Common.Label" String="{i18n>ChangedAt}"/>
      </Annotations>
      <Annotations Target="ProjectService.DailyClosing/modifiedBy">
        <Annotation Term="UI.HiddenFilter" Bool="true"/>
        <Annotation Term="UI.ExcludeFromNavigationContext" Bool="true"/>
        <Annotation Term="Core.Computed" Bool="true"/>
        <Annotation Term="Core.Description" String="{i18n>UserID.Description}"/>
        <Annotation Term="Common.Label" String="{i18n>ChangedBy}"/>
      </Annotations>
      <Annotations Target="ProjectService.DailyClosing/status">
        <Annotation Term="Validation.AllowedValues">
          <Collection>
            <Record Type="Validation.AllowedValue">
              <Annotation Term="Core.SymbolicName" String="draft"/>
              <PropertyValue Property="Value" String="draft"/>
            </Record>
            <Record Type="Validation.AllowedValue">
              <Annotation Term="Core.SymbolicName" String="submitted"/>
              <PropertyValue Property="Value" String="submitted"/>
            </Record>
            <Record Type="Validation.AllowedValue">
              <Annotation Term="Core.SymbolicName" String="approved"/>
              <PropertyValue Property="Value" String="approved"/>
            </Record>
            <Record Type="Validation.AllowedValue">
              <Annotation Term="Core.SymbolicName" String="rejected"/>
              <PropertyValue Property="Value" String="rejected"/>
            </Record>
          </Collection>
        </Annotation>
      </Annotations>
      <Annotations Target="ProjectService.MonthlyClosing/ID">
        <Annotation Term="Core.ComputedDefaultValue" Bool="true"/>
      </Annotations>
      <Annotations Target="ProjectService.MonthlyClosing/createdAt">
        <Annotation Term="UI.HiddenFilter" Bool="true"/>
        <Annotation Term="UI.ExcludeFromNavigationContext" Bool="true"/>
        <Annotation Term="Core.Immutable" Bool="true"/>
        <Annotation Term="Core.Computed" Bool="true"/>
        <Annotation Term="Common.Label" String="{i18n>CreatedAt}"/>
      </Annotations>
      <Annotations Target="ProjectService.MonthlyClosing/createdBy">
        <Annotation Term="UI.HiddenFilter" Bool="true"/>
        <Annotation Term="UI.ExcludeFromNavigationContext" Bool="true"/>
        <Annotation Term="Core.Immutable" Bool="true"/>
        <Annotation Term="Core.Computed" Bool="true"/>
        <Annotation Term="Core.Description" String="{i18n>UserID.Description}"/>
        <Annotation Term="Common.Label" String="{i18n>CreatedBy}"/>
      </Annotations>
      <Annotations Target="ProjectService.MonthlyClosing/modifiedAt">
        <Annotation Term="UI.HiddenFilter" Bool="true"/>
        <Annotation Term="UI.ExcludeFromNavigationContext" Bool="true"/>
        <Annotation Term="Core.Computed" Bool="true"/>
        <Annotation Term="Common.Label" String="{i18n>ChangedAt}"/>
      </Annotations>
      <Annotations Target="ProjectService.MonthlyClosing/modifiedBy">
        <Annotation Term="UI.HiddenFilter" Bool="true"/>
        <Annotation Term="UI.ExcludeFromNavigationContext" Bool="true"/>
        <Annotation Term="Core.Computed" Bool="true"/>
        <Annotation Term="Core.Description" String="{i18n>UserID.Description}"/>
        <Annotation Term="Common.Label" String="{i18n>ChangedBy}"/>
      </Annotations>
      <Annotations Target="ProjectService.MonthlyClosing/status">
        <Annotation Term="Validation.AllowedValues">
          <Collection>
            <Record Type="Validation.AllowedValue">
              <Annotation Term="Core.SymbolicName" String="draft"/>
              <PropertyValue Property="Value" String="draft"/>
            </Record>
            <Record Type="Validation.AllowedValue">
              <Annotation Term="Core.SymbolicName" String="submitted"/>
              <PropertyValue Property="Value" String="submitted"/>
            </Record>
            <Record Type="Validation.AllowedValue">
              <Annotation Term="Core.SymbolicName" String="approved"/>
              <PropertyValue Property="Value" String="approved"/>
            </Record>
            <Record Type="Validation.AllowedValue">
              <Annotation Term="Core.SymbolicName" String="rejected"/>
              <PropertyValue Property="Value" String="rejected"/>
            </Record>
          </Collection>
        </Annotation>
      </Annotations>
      <Annotations Target="ProjectService.Effort/ID">
        <Annotation Term="Core.ComputedDefaultValue" Bool="true"/>
      </Annotations>
      <Annotations Target="ProjectService.Effort/createdAt">
        <Annotation Term="UI.HiddenFilter" Bool="true"/>
        <Annotation Term="UI.ExcludeFromNavigationContext" Bool="true"/>
        <Annotation Term="Core.Immutable" Bool="true"/>
        <Annotation Term="Core.Computed" Bool="true"/>
        <Annotation Term="Common.Label" String="{i18n>CreatedAt}"/>
      </Annotations>
      <Annotations Target="ProjectService.Effort/createdBy">
        <Annotation Term="UI.HiddenFilter" Bool="true"/>
        <Annotation Term="UI.ExcludeFromNavigationContext" Bool="true"/>
        <Annotation Term="Core.Immutable" Bool="true"/>
        <Annotation Term="Core.Computed" Bool="true"/>
        <Annotation Term="Core.Description" String="{i18n>UserID.Description}"/>
        <Annotation Term="Common.Label" String="{i18n>CreatedBy}"/>
      </Annotations>
      <Annotations Target="ProjectService.Effort/modifiedAt">
        <Annotation Term="UI.HiddenFilter" Bool="true"/>
        <Annotation Term="UI.ExcludeFromNavigationContext" Bool="true"/>
        <Annotation Term="Core.Computed" Bool="true"/>
        <Annotation Term="Common.Label" String="{i18n>ChangedAt}"/>
      </Annotations>
      <Annotations Target="ProjectService.Effort/modifiedBy">
        <Annotation Term="UI.HiddenFilter" Bool="true"/>
        <Annotation Term="UI.ExcludeFromNavigationContext" Bool="true"/>
        <Annotation Term="Core.Computed" Bool="true"/>
        <Annotation Term="Core.Description" String="{i18n>UserID.Description}"/>
        <Annotation Term="Common.Label" String="{i18n>ChangedBy}"/>
      </Annotations>
      <Annotations Target="ProjectService.Effort/effort_type">
        <Annotation Term="Validation.AllowedValues">
          <Collection>
            <Record Type="Validation.AllowedValue">
              <Annotation Term="Core.SymbolicName" String="planned"/>
              <PropertyValue Property="Value" String="planned"/>
            </Record>
            <Record Type="Validation.AllowedValue">
              <Annotation Term="Core.SymbolicName" String="actual"/>
              <PropertyValue Property="Value" String="actual"/>
            </Record>
            <Record Type="Validation.AllowedValue">
              <Annotation Term="Core.SymbolicName" String="overtime"/>
              <PropertyValue Property="Value" String="overtime"/>
            </Record>
          </Collection>
        </Annotation>
      </Annotations>
      <Annotations Target="ProjectService.WorkStatus/ID">
        <Annotation Term="Core.ComputedDefaultValue" Bool="true"/>
      </Annotations>
      <Annotations Target="ProjectService.WorkStatus/createdAt">
        <Annotation Term="UI.HiddenFilter" Bool="true"/>
        <Annotation Term="UI.ExcludeFromNavigationContext" Bool="true"/>
        <Annotation Term="Core.Immutable" Bool="true"/>
        <Annotation Term="Core.Computed" Bool="true"/>
        <Annotation Term="Common.Label" String="{i18n>CreatedAt}"/>
      </Annotations>
      <Annotations Target="ProjectService.WorkStatus/createdBy">
        <Annotation Term="UI.HiddenFilter" Bool="true"/>
        <Annotation Term="UI.ExcludeFromNavigationContext" Bool="true"/>
        <Annotation Term="Core.Immutable" Bool="true"/>
        <Annotation Term="Core.Computed" Bool="true"/>
        <Annotation Term="Core.Description" String="{i18n>UserID.Description}"/>
        <Annotation Term="Common.Label" String="{i18n>CreatedBy}"/>
      </Annotations>
      <Annotations Target="ProjectService.WorkStatus/modifiedAt">
        <Annotation Term="UI.HiddenFilter" Bool="true"/>
        <Annotation Term="UI.ExcludeFromNavigationContext" Bool="true"/>
        <Annotation Term="Core.Computed" Bool="true"/>
        <Annotation Term="Common.Label" String="{i18n>ChangedAt}"/>
      </Annotations>
      <Annotations Target="ProjectService.WorkStatus/modifiedBy">
        <Annotation Term="UI.HiddenFilter" Bool="true"/>
        <Annotation Term="UI.ExcludeFromNavigationContext" Bool="true"/>
        <Annotation Term="Core.Computed" Bool="true"/>
        <Annotation Term="Core.Description" String="{i18n>UserID.Description}"/>
        <Annotation Term="Common.Label" String="{i18n>ChangedBy}"/>
      </Annotations>
      <Annotations Target="ProjectService.WorkStatus/status_type">
        <Annotation Term="Validation.AllowedValues">
          <Collection>
            <Record Type="Validation.AllowedValue">
              <Annotation Term="Core.SymbolicName" String="on_track"/>
              <PropertyValue Property="Value" String="on_track"/>
            </Record>
            <Record Type="Validation.AllowedValue">
              <Annotation Term="Core.SymbolicName" String="at_risk"/>
              <PropertyValue Property="Value" String="at_risk"/>
            </Record>
            <Record Type="Validation.AllowedValue">
              <Annotation Term="Core.SymbolicName" String="delayed"/>
              <PropertyValue Property="Value" String="delayed"/>
            </Record>
            <Record Type="Validation.AllowedValue">
              <Annotation Term="Core.SymbolicName" String="blocked"/>
              <PropertyValue Property="Value" String="blocked"/>
            </Record>
            <Record Type="Validation.AllowedValue">
              <Annotation Term="Core.SymbolicName" String="completed"/>
              <PropertyValue Property="Value" String="completed"/>
            </Record>
          </Collection>
        </Annotation>
      </Annotations>
      <Annotations Target="ProjectService.ProjectRoleCode/createdAt">
        <Annotation Term="UI.HiddenFilter" Bool="true"/>
        <Annotation Term="UI.ExcludeFromNavigationContext" Bool="true"/>
        <Annotation Term="Core.Immutable" Bool="true"/>
        <Annotation Term="Core.Computed" Bool="true"/>
        <Annotation Term="Common.Label" String="{i18n>CreatedAt}"/>
      </Annotations>
      <Annotations Target="ProjectService.ProjectRoleCode/createdBy">
        <Annotation Term="UI.HiddenFilter" Bool="true"/>
        <Annotation Term="UI.ExcludeFromNavigationContext" Bool="true"/>
        <Annotation Term="Core.Immutable" Bool="true"/>
        <Annotation Term="Core.Computed" Bool="true"/>
        <Annotation Term="Core.Description" String="{i18n>UserID.Description}"/>
        <Annotation Term="Common.Label" String="{i18n>CreatedBy}"/>
      </Annotations>
      <Annotations Target="ProjectService.ProjectRoleCode/modifiedAt">
        <Annotation Term="UI.HiddenFilter" Bool="true"/>
        <Annotation Term="UI.ExcludeFromNavigationContext" Bool="true"/>
        <Annotation Term="Core.Computed" Bool="true"/>
        <Annotation Term="Common.Label" String="{i18n>ChangedAt}"/>
      </Annotations>
      <Annotations Target="ProjectService.ProjectRoleCode/modifiedBy">
        <Annotation Term="UI.HiddenFilter" Bool="true"/>
        <Annotation Term="UI.ExcludeFromNavigationContext" Bool="true"/>
        <Annotation Term="Core.Computed" Bool="true"/>
        <Annotation Term="Core.Description" String="{i18n>UserID.Description}"/>
        <Annotation Term="Common.Label" String="{i18n>ChangedBy}"/>
      </Annotations>
      <Annotations Target="ProjectService.ProjectCreateInput/status">
        <Annotation Term="Validation.AllowedValues">
          <Collection>
            <Record Type="Validation.AllowedValue">
              <Annotation Term="Core.SymbolicName" String="planned"/>
              <PropertyValue Property="Value" String="planned"/>
            </Record>
            <Record Type="Validation.AllowedValue">
              <Annotation Term="Core.SymbolicName" String="in_progress"/>
              <PropertyValue Property="Value" String="in_progress"/>
            </Record>
            <Record Type="Validation.AllowedValue">
              <Annotation Term="Core.SymbolicName" String="testing"/>
              <PropertyValue Property="Value" String="testing"/>
            </Record>
            <Record Type="Validation.AllowedValue">
              <Annotation Term="Core.SymbolicName" String="stabilization"/>
              <PropertyValue Property="Value" String="stabilization"/>
            </Record>
            <Record Type="Validation.AllowedValue">
              <Annotation Term="Core.SymbolicName" String="completed"/>
              <PropertyValue Property="Value" String="completed"/>
            </Record>
            <Record Type="Validation.AllowedValue">
              <Annotation Term="Core.SymbolicName" String="on_hold"/>
              <PropertyValue Property="Value" String="on_hold"/>
            </Record>
            <Record Type="Validation.AllowedValue">
              <Annotation Term="Core.SymbolicName" String="cancelled"/>
              <PropertyValue Property="Value" String="cancelled"/>
            </Record>
          </Collection>
        </Annotation>
      </Annotations>
      <Annotations Target="ProjectService.ProjectCreateInput/phase">
        <Annotation Term="Validation.AllowedValues">
          <Collection>
            <Record Type="Validation.AllowedValue">
              <Annotation Term="Core.SymbolicName" String="discover"/>
              <PropertyValue Property="Value" String="discover"/>
            </Record>
            <Record Type="Validation.AllowedValue">
              <Annotation Term="Core.SymbolicName" String="prepare"/>
              <PropertyValue Property="Value" String="prepare"/>
            </Record>
            <Record Type="Validation.AllowedValue">
              <Annotation Term="Core.SymbolicName" String="explore"/>
              <PropertyValue Property="Value" String="explore"/>
            </Record>
            <Record Type="Validation.AllowedValue">
              <Annotation Term="Core.SymbolicName" String="realize"/>
              <PropertyValue Property="Value" String="realize"/>
            </Record>
            <Record Type="Validation.AllowedValue">
              <Annotation Term="Core.SymbolicName" String="deploy"/>
              <PropertyValue Property="Value" String="deploy"/>
            </Record>
            <Record Type="Validation.AllowedValue">
              <Annotation Term="Core.SymbolicName" String="run"/>
              <PropertyValue Property="Value" String="run"/>
            </Record>
          </Collection>
        </Annotation>
      </Annotations>
      <Annotations Target="ProjectService.ProjectCreateInput/priority">
        <Annotation Term="Validation.AllowedValues">
          <Collection>
            <Record Type="Validation.AllowedValue">
              <Annotation Term="Core.SymbolicName" String="low"/>
              <PropertyValue Property="Value" String="low"/>
            </Record>
            <Record Type="Validation.AllowedValue">
              <Annotation Term="Core.SymbolicName" String="medium"/>
              <PropertyValue Property="Value" String="medium"/>
            </Record>
            <Record Type="Validation.AllowedValue">
              <Annotation Term="Core.SymbolicName" String="high"/>
              <PropertyValue Property="Value" String="high"/>
            </Record>
            <Record Type="Validation.AllowedValue">
              <Annotation Term="Core.SymbolicName" String="critical"/>
              <PropertyValue Property="Value" String="critical"/>
            </Record>
          </Collection>
        </Annotation>
      </Annotations>
      <Annotations Target="ProjectService.ProjectCreateInput/health">
        <Annotation Term="Validation.AllowedValues">
          <Collection>
            <Record Type="Validation.AllowedValue">
              <Annotation Term="Core.SymbolicName" String="green"/>
              <PropertyValue Property="Value" String="green"/>
            </Record>
            <Record Type="Validation.AllowedValue">
              <Annotation Term="Core.SymbolicName" String="amber"/>
              <PropertyValue Property="Value" String="amber"/>
            </Record>
            <Record Type="Validation.AllowedValue">
              <Annotation Term="Core.SymbolicName" String="red"/>
              <PropertyValue Property="Value" String="red"/>
            </Record>
          </Collection>
        </Annotation>
      </Annotations>
      <Annotations Target="ProjectService.ProjectScheduleInput/type">
        <Annotation Term="Validation.AllowedValues">
          <Collection>
            <Record Type="Validation.AllowedValue">
              <Annotation Term="Core.SymbolicName" String="milestone"/>
              <PropertyValue Property="Value" String="milestone"/>
            </Record>
            <Record Type="Validation.AllowedValue">
              <Annotation Term="Core.SymbolicName" String="meeting"/>
              <PropertyValue Property="Value" String="meeting"/>
            </Record>
            <Record Type="Validation.AllowedValue">
              <Annotation Term="Core.SymbolicName" String="deployment"/>
              <PropertyValue Property="Value" String="deployment"/>
            </Record>
            <Record Type="Validation.AllowedValue">
              <Annotation Term="Core.SymbolicName" String="workshop"/>
              <PropertyValue Property="Value" String="workshop"/>
            </Record>
            <Record Type="Validation.AllowedValue">
              <Annotation Term="Core.SymbolicName" String="freeze"/>
              <PropertyValue Property="Value" String="freeze"/>
            </Record>
            <Record Type="Validation.AllowedValue">
              <Annotation Term="Core.SymbolicName" String="daily"/>
              <PropertyValue Property="Value" String="daily"/>
            </Record>
            <Record Type="Validation.AllowedValue">
              <Annotation Term="Core.SymbolicName" String="monthly"/>
              <PropertyValue Property="Value" String="monthly"/>
            </Record>
            <Record Type="Validation.AllowedValue">
              <Annotation Term="Core.SymbolicName" String="other"/>
              <PropertyValue Property="Value" String="other"/>
            </Record>
          </Collection>
        </Annotation>
      </Annotations>
      <Annotations Target="ProjectService.ProjectScheduleInput/status">
        <Annotation Term="Validation.AllowedValues">
          <Collection>
            <Record Type="Validation.AllowedValue">
              <Annotation Term="Core.SymbolicName" String="planned"/>
              <PropertyValue Property="Value" String="planned"/>
            </Record>
            <Record Type="Validation.AllowedValue">
              <Annotation Term="Core.SymbolicName" String="confirmed"/>
              <PropertyValue Property="Value" String="confirmed"/>
            </Record>
            <Record Type="Validation.AllowedValue">
              <Annotation Term="Core.SymbolicName" String="done"/>
              <PropertyValue Property="Value" String="done"/>
            </Record>
            <Record Type="Validation.AllowedValue">
              <Annotation Term="Core.SymbolicName" String="cancelled"/>
              <PropertyValue Property="Value" String="cancelled"/>
            </Record>
          </Collection>
        </Annotation>
      </Annotations>
      <Annotations Target="ProjectService.ProjectNoticeInput/level">
        <Annotation Term="Validation.AllowedValues">
          <Collection>
            <Record Type="Validation.AllowedValue">
              <Annotation Term="Core.SymbolicName" String="info"/>
              <PropertyValue Property="Value" String="info"/>
            </Record>
            <Record Type="Validation.AllowedValue">
              <Annotation Term="Core.SymbolicName" String="warning"/>
              <PropertyValue Property="Value" String="warning"/>
            </Record>
            <Record Type="Validation.AllowedValue">
              <Annotation Term="Core.SymbolicName" String="critical"/>
              <PropertyValue Property="Value" String="critical"/>
            </Record>
          </Collection>
        </Annotation>
      </Annotations>
    </Schema>
  </edmx:DataServices>
</edmx:Edmx>