<?xml version="1.0" encoding="utf-8"?>
<edmx:Edmx Version="4.0" xmlns:edmx="http://docs.oasis-open.org/odata/ns/edmx">
  <edmx:Reference Uri="https://sap.github.io/odata-vocabularies/vocabularies/Common.xml">
    <edmx:Include Alias="Common" Namespace="com.sap.vocabularies.Common.v1"/>
  </edmx:Reference>
  <edmx:Reference Uri="https://oasis-tcs.github.io/odata-vocabularies/vocabularies/Org.OData.Core.V1.xml">
    <edmx:Include Alias="Core" Namespace="Org.OData.Core.V1"/>
  </edmx:Reference>
  <edmx:Reference Uri="https://sap.github.io/odata-vocabularies/vocabularies/UI.xml">
    <edmx:Include Alias="UI" Namespace="com.sap.vocabularies.UI.v1"/>
  </edmx:Reference>
  <edmx:Reference Uri="https://oasis-tcs.github.io/odata-vocabularies/vocabularies/Org.OData.Validation.V1.xml">
    <edmx:Include Alias="Validation" Namespace="Org.OData.Validation.V1"/>
  </edmx:Reference>
  <edmx:DataServices>
    <Schema Namespace="TaskService" xmlns="http://docs.oasis-open.org/odata/ns/edm">
      <Annotation Term="Core.Links">
        <Collection>
          <Record>
            <PropertyValue Property="rel" String="author"/>
            <PropertyValue Property="href" String="https://cap.cloud.sap"/>
          </Record>
        </Collection>
      </Annotation>
      <EntityContainer Name="EntityContainer">
        <EntitySet Name="Task" EntityType="TaskService.Task">
          <NavigationPropertyBinding Path="_Effort" Target="Effort"/>
        </EntitySet>
        <EntitySet Name="TaskListView" EntityType="TaskService.TaskListView"/>
        <EntitySet Name="Effort" EntityType="TaskService.Effort">
          <NavigationPropertyBinding Path="task_id" Target="Task"/>
        </EntitySet>
        <ActionImport Name="CreateTaskFull" Action="TaskService.CreateTaskFull" EntitySet="Task"/>
        <ActionImport Name="UpdateTaskStatus" Action="TaskService.UpdateTaskStatus" EntitySet="Task"/>
      </EntityContainer>
      <EntityType Name="Task">
        <Key>
          <PropertyRef Name="ID"/>
        </Key>
        <Property Name="ID" Type="Edm.Guid" Nullable="false"/>
        <Property Name="createdAt" Type="Edm.DateTimeOffset" Precision="7"/>
        <Property Name="createdBy" Type="Edm.String" MaxLength="255"/>
        <Property Name="modifiedAt" Type="Edm.DateTimeOffset" Precision="7"/>
        <Property Name="modifiedBy" Type="Edm.String" MaxLength="255"/>
        <Property Name="project_id_ID" Type="Edm.Guid"/>
        <Property Name="title" Type="Edm.String" MaxLength="200"/>
        <Property Name="description" Type="Edm.String" MaxLength="2000"/>
        <Property Name="status" Type="Edm.String" MaxLength="20" DefaultValue="todo"/>
        <Property Name="priority" Type="Edm.String" MaxLength="10" DefaultValue="medium"/>
        <Property Name="assignee_id" Type="Edm.String" MaxLength="80"/>
        <Property Name="reporter_id" Type="Edm.String" MaxLength="80"/>
        <Property Name="due_date" Type="Edm.Date"/>
        <Property Name="start_date" Type="Edm.Date"/>
        <Property Name="completed_at" Type="Edm.DateTimeOffset" Precision="7"/>
        <Property Name="progress" Type="Edm.Int32" DefaultValue="0"/>
        <Property Name="estimated_hours" Type="Edm.Decimal" Precision="5" Scale="2"/>
        <Property Name="actual_hours" Type="Edm.Decimal" Precision="5" Scale="2"/>
        <Property Name="tags" Type="Edm.String" MaxLength="500"/>
        <Property Name="note" Type="Edm.String" MaxLength="2000"/>
        <NavigationProperty Name="_Effort" Type="Collection(TaskService.Effort)" Partner="task_id">
          <OnDelete Action="Cascade"/>
        </NavigationProperty>
      </EntityType>
      <EntityType Name="TaskListView">
        <Key>
          <PropertyRef Name="ID"/>
        </Key>
        <Property Name="ID" Type="Edm.Guid" Nullable="false"/>
        <Property Name="title" Type="Edm.String" MaxLength="200"/>
        <Property Name="status" Type="Edm.String" MaxLength="20" DefaultValue="todo"/>
        <Property Name="priority" Type="Edm.String" MaxLength="10" DefaultValue="medium"/>
        <Property Name="due_date" Type="Edm.Date"/>
        <Property Name="progress" Type="Edm.Int32" DefaultValue="0"/>
        <Property Name="project_id_ID" Type="Edm.Guid"/>
        <Property Name="assignee_id" Type="Edm.String" MaxLength="80"/>
        <Property Name="assignee_name" Type="Edm.String" MaxLength="120"/>
        <Property Name="reporter_id" Type="Edm.String" MaxLength="80"/>
        <Property Name="reporter_name" Type="Edm.String" MaxLength="120"/>
        <Property Name="createdAt" Type="Edm.DateTimeOffset" Precision="7"/>
        <Property Name="modifiedAt" Type="Edm.DateTimeOffset" Precision="7"/>
      </EntityType>
      <EntityType Name="Effort">
        <Key>
          <PropertyRef Name="ID"/>
        </Key>
        <Property Name="ID" Type="Edm.Guid" Nullable="false"/>
        <Property Name="createdAt" Type="Edm.DateTimeOffset" Precision="7"/>
        <Property Name="createdBy" Type="Edm.String" MaxLength="255"/>
        <Property Name="modifiedAt" Type="Edm.DateTimeOffset" Precision="7"/>
        <Property Name="modifiedBy" Type="Edm.String" MaxLength="255"/>
        <Property Name="project_id_ID" Type="Edm.Guid"/>
        <NavigationProperty Name="task_id" Type="TaskService.Task" Partner="_Effort">
          <ReferentialConstraint Property="task_id_ID" ReferencedProperty="ID"/>
        </NavigationProperty>
        <Property Name="task_id_ID" Type="Edm.Guid"/>
        <Property Name="user_id" Type="Edm.String" MaxLength="80"/>
        <Property Name="effort_date" Type="Edm.Date"/>
        <Property Name="effort_type" Type="Edm.String" MaxLength="20" DefaultValue="actual"/>
        <Property Name="hours" Type="Edm.Decimal" Precision="5" Scale="2"/>
        <Property Name="description" Type="Edm.String" MaxLength="1000"/>
        <Property Name="project_phase" Type="Edm.String" MaxLength="20"/>
        <Property Name="work_category" Type="Edm.String" MaxLength="100"/>
      </EntityType>
      <ComplexType Name="TaskInput">
        <Property Name="project_id_ID" Type="Edm.Guid"/>
        <Property Name="title" Type="Edm.String" MaxLength="200"/>
        <Property Name="description" Type="Edm.String" MaxLength="2000"/>
        <Property Name="status" Type="Edm.String" MaxLength="20"/>
        <Property Name="priority" Type="Edm.String" MaxLength="10"/>
        <Property Name="assignee_id" Type="Edm.String" MaxLength="80"/>
        <Property Name="reporter_id" Type="Edm.String" MaxLength="80"/>
        <Property Name="due_date" Type="Edm.Date"/>
        <Property Name="start_date" Type="Edm.Date"/>
        <Property Name="progress" Type="Edm.Int32"/>
        <Property Name="estimated_hours" Type="Edm.Decimal" Precision="5" Scale="2"/>
        <Property Name="tags" Type="Edm.String" MaxLength="500"/>
        <Property Name="note" Type="Edm.String" MaxLength="2000"/>
      </ComplexType>
      <Action Name="CreateTaskFull" IsBound="false">
        <Parameter Name="taskData" Type="TaskService.TaskInput"/>
        <ReturnType Type="TaskService.Task"/>
      </Action>
      <Action Name="UpdateTaskStatus" IsBound="false">
        <Parameter Name="ID" Type="Edm.Guid"/>
        <Parameter Name="status" Type="Edm.String" MaxLength="20"/>
        <ReturnType Type="TaskService.Task"/>
      </Action>
      <Annotations Target="TaskService.Task/ID">
        <Annotation Term="Core.ComputedDefaultValue" Bool="true"/>
      </Annotations>
      <Annotations Target="TaskService.Task/createdAt">
        <Annotation Term="UI.HiddenFilter" Bool="true"/>
        <Annotation Term="UI.ExcludeFromNavigationContext" Bool="true"/>
        <Annotation Term="Core.Immutable" Bool="true"/>
        <Annotation Term="Core.Computed" Bool="true"/>
        <Annotation Term="Common.Label" String="{i18n>CreatedAt}"/>
      </Annotations>
      <Annotations Target="TaskService.Task/createdBy">
        <Annotation Term="UI.HiddenFilter" Bool="true"/>
        <Annotation Term="UI.ExcludeFromNavigationContext" Bool="true"/>
        <Annotation Term="Core.Immutable" Bool="true"/>
        <Annotation Term="Core.Computed" Bool="true"/>
        <Annotation Term="Core.Description" String="{i18n>UserID.Description}"/>
        <Annotation Term="Common.Label" String="{i18n>CreatedBy}"/>
      </Annotations>
      <Annotations Target="TaskService.Task/modifiedAt">
        <Annotation Term="UI.HiddenFilter" Bool="true"/>
        <Annotation Term="UI.ExcludeFromNavigationContext" Bool="true"/>
        <Annotation Term="Core.Computed" Bool="true"/>
        <Annotation Term="Common.Label" String="{i18n>ChangedAt}"/>
      </Annotations>
      <Annotations Target="TaskService.Task/modifiedBy">
        <Annotation Term="UI.HiddenFilter" Bool="true"/>
        <Annotation Term="UI.ExcludeFromNavigationContext" Bool="true"/>
        <Annotation Term="Core.Computed" Bool="true"/>
        <Annotation Term="Core.Description" String="{i18n>UserID.Description}"/>
        <Annotation Term="Common.Label" String="{i18n>ChangedBy}"/>
      </Annotations>
      <Annotations Target="TaskService.Task/status">
        <Annotation Term="Validation.AllowedValues">
          <Collection>
            <Record Type="Validation.AllowedValue">
              <Annotation Term="Core.SymbolicName" String="todo"/>
              <PropertyValue Property="Value" String="todo"/>
            </Record>
            <Record Type="Validation.AllowedValue">
              <Annotation Term="Core.SymbolicName" String="in_progress"/>
              <PropertyValue Property="Value" String="in_progress"/>
            </Record>
            <Record Type="Validation.AllowedValue">
              <Annotation Term="Core.SymbolicName" String="review"/>
              <PropertyValue Property="Value" String="review"/>
            </Record>
            <Record Type="Validation.AllowedValue">
              <Annotation Term="Core.SymbolicName" String="done"/>
              <PropertyValue Property="Value" String="done"/>
            </Record>
            <Record Type="Validation.AllowedValue">
              <Annotation Term="Core.SymbolicName" String="blocked"/>
              <PropertyValue Property="Value" String="blocked"/>
            </Record>
            <Record Type="Validation.AllowedValue">
              <Annotation Term="Core.SymbolicName" String="cancelled"/>
              <PropertyValue Property="Value" String="cancelled"/>
            </Record>
          </Collection>
        </Annotation>
      </Annotations>
      <Annotations Target="TaskService.Task/priority">
        <Annotation Term="Validation.AllowedValues">
          <Collection>
            <Record Type="Validation.AllowedValue">
              <Annotation Term="Core.SymbolicName" String="low"/>
              <PropertyValue Property="Value" String="low"/>
            </Record>
            <Record Type="Validation.AllowedValue">
              <Annotation Term="Core.SymbolicName" String="medium"/>
              <PropertyValue Property="Value" String="medium"/>
            </Record>
            <Record Type="Validation.AllowedValue">
              <Annotation Term="Core.SymbolicName" String="high"/>
              <PropertyValue Property="Value" String="high"/>
            </Record>
            <Record Type="Validation.AllowedValue">
              <Annotation Term="Core.SymbolicName" String="critical"/>
              <PropertyValue Property="Value" String="critical"/>
            </Record>
          </Collection>
        </Annotation>
      </Annotations>
      <Annotations Target="TaskService.TaskListView/ID">
        <Annotation Term="Core.ComputedDefaultValue" Bool="true"/>
      </Annotations>
      <Annotations Target="TaskService.TaskListView/status">
        <Annotation Term="Validation.AllowedValues">
          <Collection>
            <Record Type="Validation.AllowedValue">
              <Annotation Term="Core.SymbolicName" String="todo"/>
              <PropertyValue Property="Value" String="todo"/>
            </Record>
            <Record Type="Validation.AllowedValue">
              <Annotation Term="Core.SymbolicName" String="in_progress"/>
              <PropertyValue Property="Value" String="in_progress"/>
            </Record>
            <Record Type="Validation.AllowedValue">
              <Annotation Term="Core.SymbolicName" String="review"/>
              <PropertyValue Property="Value" String="review"/>
            </Record>
            <Record Type="Validation.AllowedValue">
              <Annotation Term="Core.SymbolicName" String="done"/>
              <PropertyValue Property="Value" String="done"/>
            </Record>
            <Record Type="Validation.AllowedValue">
              <Annotation Term="Core.SymbolicName" String="blocked"/>
              <PropertyValue Property="Value" String="blocked"/>
            </Record>
            <Record Type="Validation.AllowedValue">
              <Annotation Term="Core.SymbolicName" String="cancelled"/>
              <PropertyValue Property="Value" String="cancelled"/>
            </Record>
          </Collection>
        </Annotation>
      </Annotations>
      <Annotations Target="TaskService.TaskListView/priority">
        <Annotation Term="Validation.AllowedValues">
          <Collection>
            <Record Type="Validation.AllowedValue">
              <Annotation Term="Core.SymbolicName" String="low"/>
              <PropertyValue Property="Value" String="low"/>
            </Record>
            <Record Type="Validation.AllowedValue">
              <Annotation Term="Core.SymbolicName" String="medium"/>
              <PropertyValue Property="Value" String="medium"/>
            </Record>
            <Record Type="Validation.AllowedValue">
              <Annotation Term="Core.SymbolicName" String="high"/>
              <PropertyValue Property="Value" String="high"/>
            </Record>
            <Record Type="Validation.AllowedValue">
              <Annotation Term="Core.SymbolicName" String="critical"/>
              <PropertyValue Property="Value" String="critical"/>
            </Record>
          </Collection>
        </Annotation>
      </Annotations>
      <Annotations Target="TaskService.TaskListView/createdAt">
        <Annotation Term="UI.HiddenFilter" Bool="true"/>
        <Annotation Term="UI.ExcludeFromNavigationContext" Bool="true"/>
        <Annotation Term="Core.Immutable" Bool="true"/>
        <Annotation Term="Core.Computed" Bool="true"/>
        <Annotation Term="Common.Label" String="{i18n>CreatedAt}"/>
      </Annotations>
      <Annotations Target="TaskService.TaskListView/modifiedAt">
        <Annotation Term="UI.HiddenFilter" Bool="true"/>
        <Annotation Term="UI.ExcludeFromNavigationContext" Bool="true"/>
        <Annotation Term="Core.Computed" Bool="true"/>
        <Annotation Term="Common.Label" String="{i18n>ChangedAt}"/>
      </Annotations>
      <Annotations Target="TaskService.UpdateTaskStatus()/status">
        <Annotation Term="Validation.AllowedValues">
          <Collection>
            <Record Type="Validation.AllowedValue">
              <Annotation Term="Core.SymbolicName" String="todo"/>
              <PropertyValue Property="Value" String="todo"/>
            </Record>
            <Record Type="Validation.AllowedValue">
              <Annotation Term="Core.SymbolicName" String="in_progress"/>
              <PropertyValue Property="Value" String="in_progress"/>
            </Record>
            <Record Type="Validation.AllowedValue">
              <Annotation Term="Core.SymbolicName" String="review"/>
              <PropertyValue Property="Value" String="review"/>
            </Record>
            <Record Type="Validation.AllowedValue">
              <Annotation Term="Core.SymbolicName" String="done"/>
              <PropertyValue Property="Value" String="done"/>
            </Record>
            <Record Type="Validation.AllowedValue">
              <Annotation Term="Core.SymbolicName" String="blocked"/>
              <PropertyValue Property="Value" String="blocked"/>
            </Record>
            <Record Type="Validation.AllowedValue">
              <Annotation Term="Core.SymbolicName" String="cancelled"/>
              <PropertyValue Property="Value" String="cancelled"/>
            </Record>
          </Collection>
        </Annotation>
      </Annotations>
      <Annotations Target="TaskService.Effort/ID">
        <Annotation Term="Core.ComputedDefaultValue" Bool="true"/>
      </Annotations>
      <Annotations Target="TaskService.Effort/createdAt">
        <Annotation Term="UI.HiddenFilter" Bool="true"/>
        <Annotation Term="UI.ExcludeFromNavigationContext" Bool="true"/>
        <Annotation Term="Core.Immutable" Bool="true"/>
        <Annotation Term="Core.Computed" Bool="true"/>
        <Annotation Term="Common.Label" String="{i18n>CreatedAt}"/>
      </Annotations>
      <Annotations Target="TaskService.Effort/createdBy">
        <Annotation Term="UI.HiddenFilter" Bool="true"/>
        <Annotation Term="UI.ExcludeFromNavigationContext" Bool="true"/>
        <Annotation Term="Core.Immutable" Bool="true"/>
        <Annotation Term="Core.Computed" Bool="true"/>
        <Annotation Term="Core.Description" String="{i18n>UserID.Description}"/>
        <Annotation Term="Common.Label" String="{i18n>CreatedBy}"/>
      </Annotations>
      <Annotations Target="TaskService.Effort/modifiedAt">
        <Annotation Term="UI.HiddenFilter" Bool="true"/>
        <Annotation Term="UI.ExcludeFromNavigationContext" Bool="true"/>
        <Annotation Term="Core.Computed" Bool="true"/>
        <Annotation Term="Common.Label" String="{i18n>ChangedAt}"/>
      </Annotations>
      <Annotations Target="TaskService.Effort/modifiedBy">
        <Annotation Term="UI.HiddenFilter" Bool="true"/>
        <Annotation Term="UI.ExcludeFromNavigationContext" Bool="true"/>
        <Annotation Term="Core.Computed" Bool="true"/>
        <Annotation Term="Core.Description" String="{i18n>UserID.Description}"/>
        <Annotation Term="Common.Label" String="{i18n>ChangedBy}"/>
      </Annotations>
      <Annotations Target="TaskService.Effort/effort_type">
        <Annotation Term="Validation.AllowedValues">
          <Collection>
            <Record Type="Validation.AllowedValue">
              <Annotation Term="Core.SymbolicName" String="planned"/>
              <PropertyValue Property="Value" String="planned"/>
            </Record>
            <Record Type="Validation.AllowedValue">
              <Annotation Term="Core.SymbolicName" String="actual"/>
              <PropertyValue Property="Value" String="actual"/>
            </Record>
            <Record Type="Validation.AllowedValue">
              <Annotation Term="Core.SymbolicName" String="overtime"/>
              <PropertyValue Property="Value" String="overtime"/>
            </Record>
          </Collection>
        </Annotation>
      </Annotations>
      <Annotations Target="TaskService.TaskInput/status">
        <Annotation Term="Validation.AllowedValues">
          <Collection>
            <Record Type="Validation.AllowedValue">
              <Annotation Term="Core.SymbolicName" String="todo"/>
              <PropertyValue Property="Value" String="todo"/>
            </Record>
            <Record Type="Validation.AllowedValue">
              <Annotation Term="Core.SymbolicName" String="in_progress"/>
              <PropertyValue Property="Value" String="in_progress"/>
            </Record>
            <Record Type="Validation.AllowedValue">
              <Annotation Term="Core.SymbolicName" String="review"/>
              <PropertyValue Property="Value" String="review"/>
            </Record>
            <Record Type="Validation.AllowedValue">
              <Annotation Term="Core.SymbolicName" String="done"/>
              <PropertyValue Property="Value" String="done"/>
            </Record>
            <Record Type="Validation.AllowedValue">
              <Annotation Term="Core.SymbolicName" String="blocked"/>
              <PropertyValue Property="Value" String="blocked"/>
            </Record>
            <Record Type="Validation.AllowedValue">
              <Annotation Term="Core.SymbolicName" String="cancelled"/>
              <PropertyValue Property="Value" String="cancelled"/>
            </Record>
          </Collection>
        </Annotation>
      </Annotations>
      <Annotations Target="TaskService.TaskInput/priority">
        <Annotation Term="Validation.AllowedValues">
          <Collection>
            <Record Type="Validation.AllowedValue">
              <Annotation Term="Core.SymbolicName" String="low"/>
              <PropertyValue Property="Value" String="low"/>
            </Record>
            <Record Type="Validation.AllowedValue">
              <Annotation Term="Core.SymbolicName" String="medium"/>
              <PropertyValue Property="Value" String="medium"/>
            </Record>
            <Record Type="Validation.AllowedValue">
              <Annotation Term="Core.SymbolicName" String="high"/>
              <PropertyValue Property="Value" String="high"/>
            </Record>
            <Record Type="Validation.AllowedValue">
              <Annotation Term="Core.SymbolicName" String="critical"/>
              <PropertyValue Property="Value" String="critical"/>
            </Record>
          </Collection>
        </Annotation>
      </Annotations>
    </Schema>
  </edmx:DataServices>
</edmx:Edmx>