<?xml version="1.0" encoding="utf-8"?>
<edmx:Edmx Version="4.0" xmlns:edmx="http://docs.oasis-open.org/odata/ns/edmx">
  <edmx:Reference Uri="https://sap.github.io/odata-vocabularies/vocabularies/Common.xml">
    <edmx:Include Alias="Common" Namespace="com.sap.vocabularies.Common.v1"/>
  </edmx:Reference>
  <edmx:Reference Uri="https://oasis-tcs.github.io/odata-vocabularies/vocabularies/Org.OData.Core.V1.xml">
    <edmx:Include Alias="Core" Namespace="Org.OData.Core.V1"/>
  </edmx:Reference>
  <edmx:Reference Uri="https://sap.github.io/odata-vocabularies/vocabularies/UI.xml">
    <edmx:Include Alias="UI" Namespace="com.sap.vocabularies.UI.v1"/>
  </edmx:Reference>
  <edmx:Reference Uri="https://oasis-tcs.github.io/odata-vocabularies/vocabularies/Org.OData.Validation.V1.xml">
    <edmx:Include Alias="Validation" Namespace="Org.OData.Validation.V1"/>
  </edmx:Reference>
  <edmx:DataServices>
    <Schema Namespace="WorkStatusService" xmlns="http://docs.oasis-open.org/odata/ns/edm">
      <Annotation Term="Core.Links">
        <Collection>
          <Record>
            <PropertyValue Property="rel" String="author"/>
            <PropertyValue Property="href" String="https://cap.cloud.sap"/>
          </Record>
        </Collection>
      </Annotation>
      <EntityContainer Name="EntityContainer">
        <EntitySet Name="WorkStatus" EntityType="WorkStatusService.WorkStatus"/>
        <EntitySet Name="WorkStatusListView" EntityType="WorkStatusService.WorkStatusListView"/>
        <ActionImport Name="CreateWorkStatus" Action="WorkStatusService.CreateWorkStatus" EntitySet="WorkStatus"/>
        <ActionImport Name="UpdateWorkStatus" Action="WorkStatusService.UpdateWorkStatus" EntitySet="WorkStatus"/>
        <ActionImport Name="GetLatestWorkStatus" Action="WorkStatusService.GetLatestWorkStatus" EntitySet="WorkStatus"/>
      </EntityContainer>
      <EntityType Name="WorkStatus">
        <Key>
          <PropertyRef Name="ID"/>
        </Key>
        <Property Name="ID" Type="Edm.Guid" Nullable="false"/>
        <Property Name="createdAt" Type="Edm.DateTimeOffset" Precision="7"/>
        <Property Name="createdBy" Type="Edm.String" MaxLength="255"/>
        <Property Name="modifiedAt" Type="Edm.DateTimeOffset" Precision="7"/>
        <Property Name="modifiedBy" Type="Edm.String" MaxLength="255"/>
        <Property Name="project_id_ID" Type="Edm.Guid"/>
        <Property Name="status_date" Type="Edm.Date"/>
        <Property Name="status_type" Type="Edm.String" MaxLength="20" DefaultValue="on_track"/>
        <Property Name="total_tasks" Type="Edm.Int32" DefaultValue="0"/>
        <Property Name="completed_tasks" Type="Edm.Int32" DefaultValue="0"/>
        <Property Name="in_progress_tasks" Type="Edm.Int32" DefaultValue="0"/>
        <Property Name="blocked_tasks" Type="Edm.Int32" DefaultValue="0"/>
        <Property Name="planned_hours" Type="Edm.Decimal" Precision="10" Scale="2" DefaultValue="0"/>
        <Property Name="actual_hours" Type="Edm.Decimal" Precision="10" Scale="2" DefaultValue="0"/>
        <Property Name="remaining_hours" Type="Edm.Decimal" Precision="10" Scale="2" DefaultValue="0"/>
        <Property Name="progress_rate" Type="Edm.Decimal" Precision="5" Scale="2" DefaultValue="0"/>
        <Property Name="completion_rate" Type="Edm.Decimal" Precision="5" Scale="2" DefaultValue="0"/>
        <Property Name="issues" Type="Edm.String" MaxLength="2000"/>
        <Property Name="risks" Type="Edm.String" MaxLength="2000"/>
        <Property Name="blockers" Type="Edm.String" MaxLength="2000"/>
        <Property Name="reporter_id" Type="Edm.String" MaxLength="80"/>
        <Property Name="note" Type="Edm.String" MaxLength="2000"/>
      </EntityType>
      <EntityType Name="WorkStatusListView">
        <Key>
          <PropertyRef Name="ID"/>
        </Key>
        <Property Name="ID" Type="Edm.Guid" Nullable="false"/>
        <Property Name="status_date" Type="Edm.Date"/>
        <Property Name="status_type" Type="Edm.String" MaxLength="20" DefaultValue="on_track"/>
        <Property Name="progress_rate" Type="Edm.Decimal" Precision="5" Scale="2" DefaultValue="0"/>
        <Property Name="completion_rate" Type="Edm.Decimal" Precision="5" Scale="2" DefaultValue="0"/>
        <Property Name="project_id_ID" Type="Edm.Guid"/>
        <Property Name="project_name" Type="Edm.String" MaxLength="200"/>
        <Property Name="project_status" Type="Edm.String" MaxLength="20"/>
        <Property Name="total_tasks" Type="Edm.Int32" DefaultValue="0"/>
        <Property Name="completed_tasks" Type="Edm.Int32" DefaultValue="0"/>
        <Property Name="in_progress_tasks" Type="Edm.Int32" DefaultValue="0"/>
        <Property Name="blocked_tasks" Type="Edm.Int32" DefaultValue="0"/>
        <Property Name="planned_hours" Type="Edm.Decimal" Precision="10" Scale="2" DefaultValue="0"/>
        <Property Name="actual_hours" Type="Edm.Decimal" Precision="10" Scale="2" DefaultValue="0"/>
        <Property Name="remaining_hours" Type="Edm.Decimal" Precision="10" Scale="2" DefaultValue="0"/>
        <Property Name="reporter_id" Type="Edm.String" MaxLength="80"/>
        <Property Name="reporter_name" Type="Edm.String" MaxLength="120"/>
        <Property Name="createdAt" Type="Edm.DateTimeOffset" Precision="7"/>
        <Property Name="modifiedAt" Type="Edm.DateTimeOffset" Precision="7"/>
      </EntityType>
      <ComplexType Name="WorkStatusInput">
        <Property Name="project_id_ID" Type="Edm.Guid"/>
        <Property Name="status_date" Type="Edm.Date"/>
        <Property Name="status_type" Type="Edm.String" MaxLength="20"/>
        <Property Name="total_tasks" Type="Edm.Int32"/>
        <Property Name="completed_tasks" Type="Edm.Int32"/>
        <Property Name="in_progress_tasks" Type="Edm.Int32"/>
        <Property Name="blocked_tasks" Type="Edm.Int32"/>
        <Property Name="planned_hours" Type="Edm.Decimal" Precision="10" Scale="2"/>
        <Property Name="actual_hours" Type="Edm.Decimal" Precision="10" Scale="2"/>
        <Property Name="remaining_hours" Type="Edm.Decimal" Precision="10" Scale="2"/>
        <Property Name="progress_rate" Type="Edm.Decimal" Precision="5" Scale="2"/>
        <Property Name="completion_rate" Type="Edm.Decimal" Precision="5" Scale="2"/>
        <Property Name="issues" Type="Edm.String" MaxLength="2000"/>
        <Property Name="risks" Type="Edm.String" MaxLength="2000"/>
        <Property Name="blockers" Type="Edm.String" MaxLength="2000"/>
        <Property Name="reporter_id" Type="Edm.String" MaxLength="80"/>
        <Property Name="note" Type="Edm.String" MaxLength="2000"/>
      </ComplexType>
      <Action Name="CreateWorkStatus" IsBound="false">
        <Parameter Name="statusData" Type="WorkStatusService.WorkStatusInput"/>
        <ReturnType Type="WorkStatusService.WorkStatus"/>
      </Action>
      <Action Name="UpdateWorkStatus" IsBound="false">
        <Parameter Name="ID" Type="Edm.Guid"/>
        <Parameter Name="statusData" Type="WorkStatusService.WorkStatusInput"/>
        <ReturnType Type="WorkStatusService.WorkStatus"/>
      </Action>
      <Action Name="GetLatestWorkStatus" IsBound="false">
        <Parameter Name="project_id" Type="Edm.Guid"/>
        <ReturnType Type="WorkStatusService.WorkStatus"/>
      </Action>
      <Annotations Target="WorkStatusService.WorkStatus/ID">
        <Annotation Term="Core.ComputedDefaultValue" Bool="true"/>
      </Annotations>
      <Annotations Target="WorkStatusService.WorkStatus/createdAt">
        <Annotation Term="UI.HiddenFilter" Bool="true"/>
        <Annotation Term="UI.ExcludeFromNavigationContext" Bool="true"/>
        <Annotation Term="Core.Immutable" Bool="true"/>
        <Annotation Term="Core.Computed" Bool="true"/>
        <Annotation Term="Common.Label" String="{i18n>CreatedAt}"/>
      </Annotations>
      <Annotations Target="WorkStatusService.WorkStatus/createdBy">
        <Annotation Term="UI.HiddenFilter" Bool="true"/>
        <Annotation Term="UI.ExcludeFromNavigationContext" Bool="true"/>
        <Annotation Term="Core.Immutable" Bool="true"/>
        <Annotation Term="Core.Computed" Bool="true"/>
        <Annotation Term="Core.Description" String="{i18n>UserID.Description}"/>
        <Annotation Term="Common.Label" String="{i18n>CreatedBy}"/>
      </Annotations>
      <Annotations Target="WorkStatusService.WorkStatus/modifiedAt">
        <Annotation Term="UI.HiddenFilter" Bool="true"/>
        <Annotation Term="UI.ExcludeFromNavigationContext" Bool="true"/>
        <Annotation Term="Core.Computed" Bool="true"/>
        <Annotation Term="Common.Label" String="{i18n>ChangedAt}"/>
      </Annotations>
      <Annotations Target="WorkStatusService.WorkStatus/modifiedBy">
        <Annotation Term="UI.HiddenFilter" Bool="true"/>
        <Annotation Term="UI.ExcludeFromNavigationContext" Bool="true"/>
        <Annotation Term="Core.Computed" Bool="true"/>
        <Annotation Term="Core.Description" String="{i18n>UserID.Description}"/>
        <Annotation Term="Common.Label" String="{i18n>ChangedBy}"/>
      </Annotations>
      <Annotations Target="WorkStatusService.WorkStatus/status_type">
        <Annotation Term="Validation.AllowedValues">
          <Collection>
            <Record Type="Validation.AllowedValue">
              <Annotation Term="Core.SymbolicName" String="on_track"/>
              <PropertyValue Property="Value" String="on_track"/>
            </Record>
            <Record Type="Validation.AllowedValue">
              <Annotation Term="Core.SymbolicName" String="at_risk"/>
              <PropertyValue Property="Value" String="at_risk"/>
            </Record>
            <Record Type="Validation.AllowedValue">
              <Annotation Term="Core.SymbolicName" String="delayed"/>
              <PropertyValue Property="Value" String="delayed"/>
            </Record>
            <Record Type="Validation.AllowedValue">
              <Annotation Term="Core.SymbolicName" String="blocked"/>
              <PropertyValue Property="Value" String="blocked"/>
            </Record>
            <Record Type="Validation.AllowedValue">
              <Annotation Term="Core.SymbolicName" String="completed"/>
              <PropertyValue Property="Value" String="completed"/>
            </Record>
          </Collection>
        </Annotation>
      </Annotations>
      <Annotations Target="WorkStatusService.WorkStatusListView/ID">
        <Annotation Term="Core.ComputedDefaultValue" Bool="true"/>
      </Annotations>
      <Annotations Target="WorkStatusService.WorkStatusListView/status_type">
        <Annotation Term="Validation.AllowedValues">
          <Collection>
            <Record Type="Validation.AllowedValue">
              <Annotation Term="Core.SymbolicName" String="on_track"/>
              <PropertyValue Property="Value" String="on_track"/>
            </Record>
            <Record Type="Validation.AllowedValue">
              <Annotation Term="Core.SymbolicName" String="at_risk"/>
              <PropertyValue Property="Value" String="at_risk"/>
            </Record>
            <Record Type="Validation.AllowedValue">
              <Annotation Term="Core.SymbolicName" String="delayed"/>
              <PropertyValue Property="Value" String="delayed"/>
            </Record>
            <Record Type="Validation.AllowedValue">
              <Annotation Term="Core.SymbolicName" String="blocked"/>
              <PropertyValue Property="Value" String="blocked"/>
            </Record>
            <Record Type="Validation.AllowedValue">
              <Annotation Term="Core.SymbolicName" String="completed"/>
              <PropertyValue Property="Value" String="completed"/>
            </Record>
          </Collection>
        </Annotation>
      </Annotations>
      <Annotations Target="WorkStatusService.WorkStatusListView/project_status">
        <Annotation Term="Validation.AllowedValues">
          <Collection>
            <Record Type="Validation.AllowedValue">
              <Annotation Term="Core.SymbolicName" String="planned"/>
              <PropertyValue Property="Value" String="planned"/>
            </Record>
            <Record Type="Validation.AllowedValue">
              <Annotation Term="Core.SymbolicName" String="in_progress"/>
              <PropertyValue Property="Value" String="in_progress"/>
            </Record>
            <Record Type="Validation.AllowedValue">
              <Annotation Term="Core.SymbolicName" String="testing"/>
              <PropertyValue Property="Value" String="testing"/>
            </Record>
            <Record Type="Validation.AllowedValue">
              <Annotation Term="Core.SymbolicName" String="stabilization"/>
              <PropertyValue Property="Value" String="stabilization"/>
            </Record>
            <Record Type="Validation.AllowedValue">
              <Annotation Term="Core.SymbolicName" String="completed"/>
              <PropertyValue Property="Value" String="completed"/>
            </Record>
            <Record Type="Validation.AllowedValue">
              <Annotation Term="Core.SymbolicName" String="on_hold"/>
              <PropertyValue Property="Value" String="on_hold"/>
            </Record>
            <Record Type="Validation.AllowedValue">
              <Annotation Term="Core.SymbolicName" String="cancelled"/>
              <PropertyValue Property="Value" String="cancelled"/>
            </Record>
          </Collection>
        </Annotation>
      </Annotations>
      <Annotations Target="WorkStatusService.WorkStatusListView/createdAt">
        <Annotation Term="UI.HiddenFilter" Bool="true"/>
        <Annotation Term="UI.ExcludeFromNavigationContext" Bool="true"/>
        <Annotation Term="Core.Immutable" Bool="true"/>
        <Annotation Term="Core.Computed" Bool="true"/>
        <Annotation Term="Common.Label" String="{i18n>CreatedAt}"/>
      </Annotations>
      <Annotations Target="WorkStatusService.WorkStatusListView/modifiedAt">
        <Annotation Term="UI.HiddenFilter" Bool="true"/>
        <Annotation Term="UI.ExcludeFromNavigationContext" Bool="true"/>
        <Annotation Term="Core.Computed" Bool="true"/>
        <Annotation Term="Common.Label" String="{i18n>ChangedAt}"/>
      </Annotations>
      <Annotations Target="WorkStatusService.WorkStatusInput/status_type">
        <Annotation Term="Validation.AllowedValues">
          <Collection>
            <Record Type="Validation.AllowedValue">
              <Annotation Term="Core.SymbolicName" String="on_track"/>
              <PropertyValue Property="Value" String="on_track"/>
            </Record>
            <Record Type="Validation.AllowedValue">
              <Annotation Term="Core.SymbolicName" String="at_risk"/>
              <PropertyValue Property="Value" String="at_risk"/>
            </Record>
            <Record Type="Validation.AllowedValue">
              <Annotation Term="Core.SymbolicName" String="delayed"/>
              <PropertyValue Property="Value" String="delayed"/>
            </Record>
            <Record Type="Validation.AllowedValue">
              <Annotation Term="Core.SymbolicName" String="blocked"/>
              <PropertyValue Property="Value" String="blocked"/>
            </Record>
            <Record Type="Validation.AllowedValue">
              <Annotation Term="Core.SymbolicName" String="completed"/>
              <PropertyValue Property="Value" String="completed"/>
            </Record>
          </Collection>
        </Annotation>
      </Annotations>
    </Schema>
  </edmx:DataServices>
</edmx:Edmx>